,,,,,,,Playing Time,Playing Time,Playing Time,Playing Time,Performance,Performance,Performance,Performance,Performance,Performance,Per 90 Minutes,Per 90 Minutes,Per 90 Minutes,Per 90 Minutes,Per 90 Minutes,Expected,Expected,Expected,Per 90 Minutes,Per 90 Minutes,Per 90 Minutes,Per 90 Minutes,Per 90 Minutes,
Rk,Player,Nation,Pos,Squad,Age,Born,MP,Starts,Min,90s,Gls,Ast,PK,PKatt,CrdY,CrdR,Gls,Ast,G+A,G-PK,G+A-PK,xG,npxG,xA,xG,xA,xG+xA,npxG,npxG+xA,Matches
1,Marcos Acuña\Marcos-Acuna,ar ARG,DF,Sevilla,29-092,1991,16,15,1316,14.6,0,0,0,0,1,0,0.00,0.00,0.00,0.00,0.00,0.8,0.8,1.3,0.06,0.09,0.14,0.06,0.14,Matches
2,Bobby Adekanye\Bobby-Adekanye,nl NED,FWMF,Cádiz,21-349,1999,3,0,36,0.4,0,0,0,0,0,0,0.00,0.00,0.00,0.00,0.00,0.2,0.2,0.0,0.43,0.00,0.43,0.43,0.43,Matches
3,Martin Agirregabiria\Martin-Agirregabiria,es ESP,DFMF,Alavés,24-263,1996,11,5,563,6.3,0,0,0,0,0,0,0.00,0.00,0.00,0.00,0.00,0.1,0.1,0.6,0.01,0.09,0.10,0.01,0.10,Matches
4,Joseph Aidoo\Joseph-Aidoo,gh GHA,DF,Celta Vigo,25-121,1995,14,8,729,8.1,0,0,0,0,1,0,0.00,0.00,0.00,0.00,0.00,0.5,0.5,0.6,0.06,0.07,0.13,0.06,0.13,Matches
5,Carlos Akapo\Carlos-Akapo,gq EQG,DF,Cádiz,27-322,1993,7,5,441,4.9,0,0,0,0,2,1,0.00,0.00,0.00,0.00,0.00,0.0,0.0,0.0,0.00,0.00,0.00,0.00,0.00,Matches
6,Paul Akouokou\Paul-Akouokou,ci CIV,MF,Betis,23-039,1997,6,2,209,2.3,0,0,0,0,5,1,0.00,0.00,0.00,0.00,0.00,0.0,0.0,0.3,0.00,0.14,0.14,0.00,0.14,Matches
7,Jordi Alba\Jordi-Alba,es ESP,DF,Barcelona,31-313,1989,17,17,1468,16.3,1,3,0,0,6,0,0.06,0.18,0.25,0.06,0.25,0.6,0.6,3.8,0.03,0.24,0.27,0.03,0.27,Matches
8,Raúl Albiol\Raul-Albiol,es ESP,DF,Villarreal,35-146,1985,20,20,1780,19.8,0,0,0,0,3,0,0.00,0.00,0.00,0.00,0.00,0.5,0.5,0.1,0.03,0.00,0.03,0.03,0.03,Matches
9,Paco Alcácer\Paco-Alcacer,es ESP,FW,Villarreal,27-151,1993,12,9,743,8.3,5,2,1,2,0,0,0.61,0.24,0.85,0.48,0.73,5.2,3.6,1.3,0.62,0.15,0.78,0.44,0.59,Matches
10,Pedro Alcalá\Pedro-Alcala,es ESP,DF,Cádiz,31-315,1989,8,5,588,6.5,0,0,0,0,2,0,0.00,0.00,0.00,0.00,0.00,0.1,0.1,0.0,0.01,0.00,0.01,0.01,0.01,Matches
11,Rubén Alcaraz\Ruben-Alcaraz,es ESP,MF,Valladolid,29-272,1991,15,12,1080,12.0,1,0,0,0,4,0,0.08,0.00,0.08,0.08,0.08,1.1,1.1,0.2,0.09,0.02,0.11,0.09,0.11,Matches
12,Iván Alejo\Ivan-Alejo,es ESP,MFFW,Cádiz,25-353,1995,10,2,298,3.3,1,0,0,0,2,0,0.30,0.00,0.30,0.30,0.30,0.7,0.7,0.2,0.20,0.06,0.27,0.20,0.27,Matches
13,Carles Aleñá\Carles-Alena,es ESP,MF,Getafe,23-023,1998,3,3,266,3.0,0,2,0,0,1,0,0.00,0.68,0.68,0.00,0.68,0.3,0.3,0.9,0.11,0.31,0.42,0.11,0.42,Matches
14,Carles Aleñá\Carles-Alena,es ESP,MF,Barcelona,23-023,1998,2,0,48,0.5,0,0,0,0,1,0,0.00,0.00,0.00,0.00,0.00,0.0,0.0,0.0,0.04,0.00,0.04,0.04,0.04,Matches
15,Sergio Álvarez\Sergio-Alvarez,es ESP,MF,Eibar,29-005,1992,18,12,1096,12.2,0,0,0,0,3,0,0.00,0.00,0.00,0.00,0.00,0.1,0.1,0.8,0.01,0.07,0.08,0.01,0.08,Matches
16,Yeray Álvarez\Yeray-Alvarez,es ESP,DF,Athletic Club,26-004,1995,12,12,1080,12.0,1,0,0,0,5,0,0.08,0.00,0.08,0.08,0.08,0.4,0.4,0.3,0.04,0.02,0.06,0.04,0.06,Matches
17,Jon Ander Garrido\Jon-Ander-Garrido,es ESP,MF,Cádiz,31-111,1989,10,2,248,2.8,0,0,0,0,1,0,0.00,0.00,0.00,0.00,0.00,0.4,0.4,0.1,0.13,0.02,0.15,0.13,0.15,Matches
18,Aritz Arambarri\Aritz-Arambarri,es ESP,DF,Real Sociedad,22-363,1998,1,0,26,0.3,0,0,0,0,0,0,0.00,0.00,0.00,0.00,0.00,0.1,0.1,0.0,0.50,0.00,0.50,0.50,0.50,Matches
19,Mauro Arambarri\Mauro-Arambarri,uy URU,MF,Getafe,25-120,1995,18,18,1601,17.8,2,0,0,0,5,0,0.11,0.00,0.11,0.11,0.11,1.0,1.0,0.9,0.06,0.05,0.11,0.06,0.11,Matches
20,Néstor Araujo\Nestor-Araujo,mx MEX,DF,Celta Vigo,29-152,1991,18,14,1345,14.9,0,0,0,0,4,0,0.00,0.00,0.00,0.00,0.00,0.1,0.1,0.4,0.01,0.03,0.04,0.01,0.04,Matches
21,Ronald Araújo\Ronald-Araujo,uy URU,DF,Barcelona,21-327,1999,10,9,836,9.3,1,0,0,0,0,0,0.11,0.00,0.11,0.11,0.11,0.3,0.3,0.0,0.04,0.00,0.04,0.04,0.04,Matches
22,Anaitz Arbilla\Anaitz-Arbilla,es ESP,DF,Eibar,33-258,1987,16,13,1203,13.4,0,1,0,0,5,0,0.00,0.07,0.07,0.00,0.07,0.4,0.4,0.4,0.03,0.03,0.06,0.03,0.06,Matches
23,Unai Arietaleanizbeaskoa\Unai-Arietaleanizbeaskoa,es ESP,FWMF,Eibar,22-027,1999,3,0,39,0.4,0,0,0,0,1,0,0.00,0.00,0.00,0.00,0.00,0.0,0.0,0.0,0.00,0.00,0.00,0.00,0.00,Matches
24,Sergio Arribas\Sergio-Arribas,es ESP,FW,Real Madrid,19-120,2001,1,0,1,0.0,0,0,0,0,0,0,0.00,0.00,0.00,0.00,0.00,0.0,0.0,0.0,0.00,0.00,0.00,0.00,0.00,Matches
25,Sergio Asenjo\Sergio-Asenjo,es ESP,GK,Villarreal,31-214,1989,20,20,1800,20.0,0,0,0,0,0,0,0.00,0.00,0.00,0.00,0.00,0.0,0.0,0.0,0.00,0.00,0.00,0.00,0.00,Matches
26,Marco Asensio\Marco-Asensio,es ESP,FW,Real Madrid,25-007,1996,17,9,853,9.5,1,2,0,0,1,0,0.11,0.21,0.32,0.11,0.32,1.2,1.2,1.3,0.12,0.14,0.26,0.12,0.26,Matches
27,Iago Aspas\Iago-Aspas,es ESP,FW,Celta Vigo,33-180,1987,17,17,1468,16.3,9,6,3,3,3,0,0.55,0.37,0.92,0.37,0.74,8.4,6.1,5.2,0.51,0.32,0.84,0.37,0.70,Matches
28,Miguel Atienza\Miguel-Atienza,es ESP,MFFW,Eibar,,,2,1,112,1.2,0,0,0,0,1,0,0.00,0.00,0.00,0.00,0.00,0.0,0.0,0.0,0.03,0.00,0.03,0.03,0.03,Matches
29,Ramon Azeez\Ramon-Azeez,ng NGA,MFDF,Granada,28-047,1992,2,1,101,1.1,0,0,0,0,0,0,0.00,0.00,0.00,0.00,0.00,0.2,0.2,0.0,0.15,0.00,0.15,0.15,0.15,Matches
30,Carlos Bacca\Carlos-Bacca,co COL,FW,Villarreal,34-142,1986,12,3,286,3.2,0,0,0,0,1,0,0.00,0.00,0.00,0.00,0.00,0.4,0.4,0.8,0.13,0.24,0.37,0.13,0.37,Matches
31,Édgar Badía\Edgar-Badia,es ESP,GK,Elche,28-351,1992,18,18,1620,18.0,0,0,0,0,0,0,0.00,0.00,0.00,0.00,0.00,0.0,0.0,0.0,0.00,0.00,0.00,0.00,0.00,Matches
32,Alejandro Baena\Alejandro-Baena,es ESP,MF,Villarreal,19-192,2001,1,1,45,0.5,0,0,0,0,0,0,0.00,0.00,0.00,0.00,0.00,0.0,0.0,0.0,0.00,0.00,0.00,0.00,0.00,Matches
33,Miguel Baeza\Miguel-Baeza,es ESP,MFFW,Celta Vigo,20-307,2000,16,4,456,5.1,1,0,0,0,0,0,0.20,0.00,0.20,0.20,0.20,1.5,1.5,0.6,0.30,0.12,0.42,0.30,0.42,Matches
34,Mikel Balenziaga\Mikel-Balenziaga,es ESP,DF,Athletic Club,32-334,1988,9,4,517,5.7,0,1,0,0,0,0,0.00,0.17,0.17,0.00,0.17,0.0,0.0,0.1,0.00,0.01,0.01,0.00,0.01,Matches
35,Sergio Barcia\Sergio-Barcia,es ESP,DF,Granada,20-028,2000,1,1,90,1.0,0,0,0,0,1,0,0.00,0.00,0.00,0.00,0.00,0.0,0.0,0.0,0.00,0.00,0.00,0.00,0.00,Matches
36,Enis Bardhi\Enis-Bardhi,mk MKD,MF,Levante,25-210,1995,9,7,592,6.6,0,1,0,0,1,0,0.00,0.15,0.15,0.00,0.15,1.6,1.6,0.4,0.25,0.07,0.31,0.25,0.31,Matches
37,Kike Barja\Kike-Barja,es ESP,MFFW,Osasuna,23-302,1997,17,4,439,4.9,0,2,0,0,1,0,0.00,0.41,0.41,0.00,0.41,0.6,0.6,0.7,0.13,0.13,0.26,0.13,0.26,Matches
38,Marc Baró Ortiz\Marc-Baro-Ortiz,es ESP,DF,Cádiz,21-158,1999,1,1,90,1.0,0,0,0,0,0,0,0.00,0.00,0.00,0.00,0.00,0.0,0.0,0.3,0.02,0.33,0.35,0.02,0.35,Matches
39,Antonio Barragán\Antonio-Barragan,es ESP,DF,Elche,33-230,1987,15,15,1350,15.0,0,1,0,0,4,0,0.00,0.07,0.07,0.00,0.07,0.5,0.5,0.6,0.03,0.04,0.08,0.03,0.08,Matches
40,Ander Barrenetxea\Ander-Barrenetxea,es ESP,FWMF,Real Sociedad,19-032,2001,17,9,773,8.6,2,0,0,0,4,0,0.23,0.00,0.23,0.23,0.23,1.3,1.3,0.7,0.15,0.08,0.23,0.15,0.23,Matches
41,Marc Bartra\Marc-Bartra,es ESP,DF,Betis,30-013,1991,13,13,1154,12.8,0,0,0,0,3,0,0.00,0.00,0.00,0.00,0.00,0.4,0.4,0.0,0.03,0.00,0.04,0.03,0.04,Matches
42,Rodrigo Battaglia\Rodrigo-Battaglia,ar ARG,MF,Alavés,29-200,1991,18,18,1494,16.6,0,0,0,0,5,1,0.00,0.00,0.00,0.00,0.00,0.6,0.6,0.0,0.03,0.00,0.03,0.03,0.03,Matches
43,Jon Bautista\Jon-Bautista,es ESP,FWMF,Real Sociedad,25-209,1995,11,0,175,1.9,0,0,0,0,0,0,0.00,0.00,0.00,0.00,0.00,0.3,0.3,0.1,0.17,0.03,0.19,0.17,0.19,Matches
44,Fran Beltrán\Fran-Beltran,es ESP,MFFW,Celta Vigo,21-360,1999,16,7,675,7.5,2,0,0,0,3,0,0.27,0.00,0.27,0.27,0.27,1.2,1.2,0.1,0.16,0.02,0.18,0.16,0.18,Matches
45,Sergio Benito\Sergio-Benito,es ESP,FW,Valladolid,21-311,1999,1,0,2,0.0,0,0,0,0,0,0,0.00,0.00,0.00,0.00,0.00,0.0,0.0,0.0,0.00,0.00,0.00,0.00,0.00,Matches
46,Karim Benzema\Karim-Benzema,fr FRA,FW,Real Madrid,33-040,1987,17,17,1510,16.8,10,5,0,0,1,0,0.60,0.30,0.89,0.60,0.89,7.7,7.7,2.3,0.46,0.14,0.60,0.46,0.60,Matches
47,Yuri Berchiche\Yuri-Berchiche,es ESP,DF,Athletic Club,30-353,1990,16,15,1168,13.0,0,3,0,0,3,0,0.00,0.23,0.23,0.00,0.23,0.6,0.6,1.7,0.05,0.13,0.17,0.05,0.17,Matches
48,Álex Berenguer\Alex-Berenguer,es ESP,FWMF,Athletic Club,25-208,1995,16,12,1005,11.2,3,2,0,0,2,0,0.27,0.18,0.45,0.27,0.45,2.2,2.2,1.6,0.20,0.14,0.34,0.20,0.34,Matches
49,Pedro Bigas\Pedro-Bigas,es ESP,DF,Eibar,30-135,1990,16,15,1273,14.1,0,0,0,0,1,0,0.00,0.00,0.00,0.00,0.00,0.4,0.4,0.0,0.03,0.00,0.03,0.03,0.03,Matches
50,Alejandro Blanco\Alejandro-Blanco,es ESP,MF,Valencia,22-043,1998,6,2,256,2.8,0,0,0,0,1,0,0.00,0.00,0.00,0.00,0.00,0.3,0.3,0.1,0.11,0.02,0.13,0.11,0.13,Matches
51,Rubén Blanco\Ruben-Blanco,es ESP,GK,Celta Vigo,25-187,1995,13,13,1170,13.0,0,0,0,0,0,0,0.00,0.00,0.00,0.00,0.00,0.0,0.0,0.0,0.00,0.00,0.00,0.00,0.00,Matches
52,Yann Bodiger\Yann-Bodiger,fr FRA,MF,Cádiz,25-354,1995,9,2,251,2.8,0,0,0,0,0,0,0.00,0.00,0.00,0.00,0.00,0.0,0.0,0.1,0.00,0.05,0.05,0.00,0.05,Matches
53,Yassine Bounou\Yassine-Bounou,ma MAR,GK,Sevilla,29-298,1991,16,16,1440,16.0,0,0,0,0,1,0,0.00,0.00,0.00,0.00,0.00,0.0,0.0,0.0,0.00,0.00,0.00,0.00,0.00,Matches
54,Lucas Boyé\Lucas-Boye,ar ARG,FW,Elche,24-335,1996,15,13,1058,11.8,3,1,0,0,4,1,0.26,0.09,0.34,0.26,0.34,1.4,1.4,0.2,0.12,0.01,0.14,0.12,0.14,Matches
55,Martin Braithwaite\Martin-Braithwaite,dk DEN,FW,Barcelona,29-237,1991,16,9,861,9.6,2,0,0,1,1,0,0.21,0.00,0.21,0.21,0.21,4.7,3.9,0.8,0.49,0.09,0.57,0.41,0.49,Matches
56,Darko Brašanac\Darko-Brasanac,rs SRB,MFFW,Osasuna,28-351,1992,5,2,198,2.2,1,0,0,0,1,0,0.45,0.00,0.45,0.45,0.45,0.6,0.6,0.0,0.28,0.01,0.29,0.28,0.29,Matches
57,Alvaro Bravo Jiménez\Alvaro-Bravo-Jimenez,es ESP,MF,Granada,22-359,1998,1,0,15,0.2,0,0,0,0,0,0,0.00,0.00,0.00,0.00,0.00,0.0,0.0,0.0,0.00,0.00,0.00,0.00,0.00,Matches
58,Claudio Bravo\Claudio-Bravo,cl CHI,GK,Betis,37-290,1983,9,9,810,9.0,0,0,0,0,0,0,0.00,0.00,0.00,0.00,0.00,0.0,0.0,0.0,0.00,0.00,0.00,0.00,0.00,Matches
59,Yan Brice Eteki\Yan-Brice-Eteki,cm CMR,MF,Granada,23-155,1997,12,5,495,5.5,0,0,0,0,0,1,0.00,0.00,0.00,0.00,0.00,0.0,0.0,0.0,0.01,0.01,0.01,0.01,0.01,Matches
60,Bryan\Bryan,es ESP,FW,Sevilla,19-352,2001,1,0,13,0.1,0,0,0,0,0,0,0.00,0.00,0.00,0.00,0.00,0.0,0.0,0.0,0.00,0.00,0.00,0.00,0.00,Matches
61,Bryan\Bryan,es ESP,MFFW,Eibar,19-352,2001,12,11,998,11.1,3,0,0,0,2,0,0.27,0.00,0.27,0.27,0.27,1.4,1.0,3.1,0.12,0.28,0.41,0.09,0.37,Matches
62,Ante Budimir\Ante-Budimir,hr CRO,FW,Osasuna,29-190,1991,13,8,648,7.2,4,0,0,0,2,0,0.56,0.00,0.56,0.56,0.56,3.6,3.6,0.5,0.50,0.06,0.56,0.50,0.56,Matches
63,Esteban Burgos\Esteban-Burgos,ar ARG,DF,Eibar,29-019,1992,11,10,894,9.9,3,1,2,2,5,0,0.30,0.10,0.40,0.10,0.20,2.6,1.1,0.1,0.26,0.01,0.27,0.11,0.12,Matches
64,Sergio Busquets\Sergio-Busquets,es ESP,MF,Barcelona,32-196,1988,18,15,1221,13.6,0,0,0,0,5,0,0.00,0.00,0.00,0.00,0.00,0.0,0.0,1.9,0.00,0.14,0.14,0.00,0.14,Matches
65,Erick Cabaco\Erick-Cabaco,uy URU,DF,Getafe,25-284,1995,13,10,886,9.8,0,0,0,0,6,0,0.00,0.00,0.00,0.00,0.00,0.0,0.0,0.0,0.00,0.00,0.00,0.00,0.00,Matches
66,Cala\Cala,es ESP,DF,Cádiz,31-063,1989,16,16,1395,15.5,1,0,0,0,5,0,0.06,0.00,0.06,0.06,0.06,0.3,0.3,0.1,0.02,0.01,0.03,0.02,0.03,Matches
67,Jonathan Calleri\Jonathan-Calleri,ar ARG,FW,Osasuna,27-127,1993,14,11,860,9.6,3,1,0,0,3,0,0.31,0.10,0.42,0.31,0.42,3.0,3.0,0.9,0.31,0.09,0.40,0.31,0.40,Matches
68,Dani Calvo\Dani-Calvo,es ESP,DF,Elche,26-302,1994,7,4,384,4.3,0,0,0,0,1,0,0.00,0.00,0.00,0.00,0.00,0.0,0.0,0.0,0.00,0.00,0.00,0.00,0.00,Matches
69,José Campaña\Jose-Campana,es ESP,MF,Levante,27-242,1993,9,8,748,8.3,1,2,1,1,0,0,0.12,0.24,0.36,0.00,0.24,1.4,0.7,1.4,0.17,0.16,0.34,0.08,0.25,Matches
70,Sergio Canales\Sergio-Canales,es ESP,MFFW,Betis,29-347,1991,14,13,1147,12.7,7,4,2,2,2,0,0.55,0.31,0.86,0.39,0.71,3.0,1.4,2.4,0.23,0.19,0.42,0.11,0.30,Matches
71,Ander Capa\Ander-Capa,es ESP,DF,Athletic Club,28-355,1992,18,18,1513,16.8,2,1,0,0,3,0,0.12,0.06,0.18,0.12,0.18,1.0,1.0,1.2,0.06,0.07,0.13,0.06,0.13,Matches
72,Étienne Capoue\Etienne-Capoue,fr FRA,MF,Villarreal,32-201,1988,3,3,227,2.5,0,0,0,0,1,0,0.00,0.00,0.00,0.00,0.00,0.1,0.1,0.0,0.03,0.00,0.03,0.03,0.03,Matches
73,Isaac Carcelen\Isaac-Carcelen,es ESP,DF,Cádiz,27-280,1993,16,16,1342,14.9,0,0,0,0,0,0,0.00,0.00,0.00,0.00,0.00,0.3,0.3,0.2,0.02,0.02,0.03,0.02,0.03,Matches
74,Dani Cárdenas\Dani-Cardenas,es ESP,GK,Levante,23-306,1997,1,1,90,1.0,0,0,0,0,0,0,0.00,0.00,0.00,0.00,0.00,0.0,0.0,0.0,0.00,0.00,0.00,0.00,0.00,Matches
75,Marc Cardona\Marc-Cardona,es ESP,FWMF,Osasuna,25-204,1995,3,0,53,0.6,0,0,0,0,0,0,0.00,0.00,0.00,0.00,0.00,0.2,0.2,0.0,0.30,0.00,0.30,0.30,0.30,Matches
76,Diego Carlos\Diego-Carlos,br BRA,DF,Sevilla,27-319,1993,17,17,1519,16.9,0,0,0,0,3,0,0.00,0.00,0.00,0.00,0.00,0.8,0.8,0.2,0.05,0.01,0.06,0.05,0.06,Matches
77,Juan Carlos\Juan-Carlos,es ESP,MFFW,Huesca,29-319,1991,11,3,270,3.0,0,1,0,0,0,0,0.00,0.33,0.33,0.00,0.33,0.3,0.3,0.3,0.11,0.11,0.21,0.11,0.21,Matches
78,Jonatan Carmona Alamo\Jonatan-Carmona-Alamo,es ESP,MF,Elche,,,1,1,73,0.8,0,0,0,0,0,0,0.00,0.00,0.00,0.00,0.00,0.0,0.0,0.0,0.02,0.00,0.02,0.02,0.02,Matches
79,Yannick Carrasco\Yannick-Carrasco,be BEL,DFMF,Atlético Madrid,27-146,1993,15,10,938,10.4,2,4,0,0,2,0,0.19,0.38,0.58,0.19,0.58,1.7,1.7,2.6,0.16,0.25,0.42,0.16,0.42,Matches
80,Sergio Carreira\Sergio-Carreira,es ESP,DF,Celta Vigo,20-107,2000,3,3,259,2.9,1,0,0,0,0,0,0.35,0.00,0.35,0.35,0.35,0.4,0.4,0.0,0.13,0.00,0.13,0.13,0.13,Matches
81,Guido Carrillo\Guido-Carrillo,ar ARG,FWDF,Elche,29-248,1991,6,2,129,1.4,1,0,0,0,1,0,0.70,0.00,0.70,0.70,0.70,0.4,0.4,0.0,0.29,0.00,0.29,0.29,0.29,Matches
82,Dani Carvajal\Dani-Carvajal,es ESP,DF,Real Madrid,29-017,1992,10,9,826,9.2,0,2,0,0,5,0,0.00,0.22,0.22,0.00,0.22,0.6,0.6,0.7,0.06,0.07,0.13,0.06,0.13,Matches
83,William Carvalho\William-Carvalho,pt POR,MF,Betis,28-296,1992,15,10,943,10.5,2,0,0,0,1,0,0.19,0.00,0.19,0.19,0.19,0.8,0.8,0.4,0.07,0.04,0.11,0.07,0.11,Matches
84,Casemiro\Casemiro,br BRA,MF,Real Madrid,28-340,1992,16,14,1305,14.5,4,0,0,0,7,0,0.28,0.00,0.28,0.28,0.28,1.6,1.6,0.4,0.11,0.03,0.14,0.11,0.14,Matches
85,Sofian Chakla\Sofian-Chakla,ma MAR,DF,Villarreal,27-148,1993,1,0,13,0.1,0,0,0,0,0,0,0.00,0.00,0.00,0.00,0.00,0.1,0.1,0.0,0.39,0.00,0.39,0.39,0.39,Matches
86,Chema\Chema,es ESP,DFMF,Getafe,28-331,1992,4,4,276,3.1,0,0,0,0,2,1,0.00,0.00,0.00,0.00,0.00,0.0,0.0,0.1,0.00,0.04,0.05,0.00,0.05,Matches
87,Denis Cheryshev\Denis-Cheryshev,ru RUS,MF,Valencia,30-033,1990,13,10,807,9.0,0,2,0,0,2,0,0.00,0.22,0.22,0.00,0.22,1.4,1.4,1.7,0.16,0.19,0.35,0.16,0.35,Matches
88,Samuel Chukwueze\Samuel-Chukwueze,ng NGA,MFFW,Villarreal,21-251,1999,17,6,707,7.9,1,2,0,0,0,0,0.13,0.25,0.38,0.13,0.38,1.2,1.2,1.0,0.15,0.13,0.28,0.15,0.28,Matches
89,Cifu\Cifu,es ESP,DF,Elche,30-115,1990,3,1,92,1.0,0,0,0,0,1,0,0.00,0.00,0.00,0.00,0.00,0.0,0.0,0.0,0.02,0.00,0.02,0.02,0.02,Matches
90,Alberto Cifuentes\Alberto-Cifuentes,es ESP,GK,Cádiz,41-244,1979,2,2,180,2.0,0,0,0,0,0,0,0.00,0.00,0.00,0.00,0.00,0.0,0.0,0.0,0.00,0.02,0.02,0.00,0.02,Matches
91,Carlos Clerc\Carlos-Clerc,es ESP,DF,Levante,28-342,1992,18,17,1537,17.1,0,2,0,0,3,0,0.00,0.12,0.12,0.00,0.12,0.3,0.3,2.4,0.02,0.14,0.16,0.02,0.16,Matches
92,Coke\Coke,es ESP,DF,Levante,33-277,1987,8,4,327,3.6,0,0,0,0,0,0,0.00,0.00,0.00,0.00,0.00,0.2,0.2,0.0,0.06,0.00,0.06,0.06,0.06,Matches
93,Francis Coquelin\Francis-Coquelin,fr FRA,MF,Villarreal,29-260,1991,12,4,398,4.4,0,0,0,0,3,0,0.00,0.00,0.00,0.00,0.00,0.2,0.2,0.3,0.03,0.06,0.10,0.03,0.10,Matches
94,Iñigo Córdoba\Inigo-Cordoba,es ESP,FWMF,Athletic Club,23-321,1997,3,1,95,1.1,0,0,0,0,0,0,0.00,0.00,0.00,0.00,0.00,0.1,0.1,0.0,0.11,0.00,0.11,0.11,0.11,Matches
95,Ángel Correa\Angel-Correa,ar ARG,FWMF,Atlético Madrid,25-325,1995,18,12,994,11.0,3,5,0,0,2,0,0.27,0.45,0.72,0.27,0.72,2.5,2.2,2.0,0.23,0.18,0.41,0.20,0.38,Matches
96,Rober Correa\Rober-Correa,es ESP,DF,Eibar,28-130,1992,8,8,655,7.3,0,0,0,0,1,0,0.00,0.00,0.00,0.00,0.00,0.0,0.0,0.1,0.00,0.01,0.02,0.00,0.02,Matches
97,Thierry Correia\Thierry-Correia,pt POR,DF,Valencia,21-325,1999,13,9,831,9.2,0,0,0,0,4,1,0.00,0.00,0.00,0.00,0.00,0.0,0.0,0.5,0.00,0.05,0.06,0.00,0.06,Matches
98,Diego Costa\Diego-Costa,es ESP,FW,Atlético Madrid,32-113,1988,7,2,208,2.3,2,0,1,1,1,0,0.87,0.00,0.87,0.43,0.43,1.4,0.6,0.3,0.60,0.14,0.74,0.27,0.41,Matches
99,Jaume Costa\Jaume-Costa,es ESP,DFMF,Villarreal,32-316,1988,6,0,113,1.3,0,0,0,0,0,0,0.00,0.00,0.00,0.00,0.00,0.0,0.0,0.1,0.02,0.07,0.09,0.02,0.09,Matches
100,Thibaut Courtois\Thibaut-Courtois,be BEL,GK,Real Madrid,28-262,1992,19,19,1710,19.0,0,0,0,0,0,0,0.00,0.00,0.00,0.00,0.00,0.0,0.0,0.0,0.00,0.00,0.00,0.00,0.00,Matches
101,Philippe Coutinho\Philippe-Coutinho,br BRA,MFFW,Barcelona,28-230,1992,12,8,654,7.3,2,2,0,0,0,0,0.28,0.28,0.55,0.28,0.55,3.9,3.9,0.9,0.53,0.12,0.65,0.53,0.65,Matches
102,Juan Cruz Armada\Juan-Cruz-Armada,es ESP,DF,Osasuna,28-184,1992,16,14,1245,13.8,0,0,0,0,2,0,0.00,0.00,0.00,0.00,0.00,0.0,0.0,0.1,0.00,0.01,0.01,0.00,0.01,Matches
103,Sergio Cubero Ezcurra\Sergio-Cubero-Ezcurra,es ESP,MF,Eibar,21-145,1999,1,0,1,0.0,0,0,0,0,0,0,0.00,0.00,0.00,0.00,0.00,0.0,0.0,0.0,0.00,0.00,0.00,0.00,0.00,Matches
104,Cucho\Cucho,co COL,FWMF,Getafe,21-283,1999,14,14,1084,12.0,2,3,0,0,3,0,0.17,0.25,0.42,0.17,0.42,2.4,2.4,1.0,0.20,0.08,0.28,0.20,0.28,Matches
105,Marc Cucurella\Marc-Cucurella,es ESP,MF,Getafe,22-190,1998,19,19,1710,19.0,3,1,0,0,3,0,0.16,0.05,0.21,0.16,0.21,1.4,1.4,1.7,0.07,0.09,0.16,0.07,0.16,Matches
106,Ousmane Dembélé\Ousmane-Dembele,fr FRA,FWMF,Barcelona,23-258,1997,13,8,720,8.0,2,1,0,0,0,0,0.25,0.12,0.37,0.25,0.37,1.7,1.7,1.8,0.21,0.23,0.44,0.21,0.44,Matches
107,Sergiño Dest\Sergino-Dest,us USA,DF,Barcelona,20-086,2000,15,12,1016,11.3,0,1,0,0,1,0,0.00,0.09,0.09,0.00,0.09,0.9,0.9,1.7,0.08,0.15,0.23,0.08,0.23,Matches
108,Deyverson\Deyverson,br BRA,FW,Alavés,29-265,1991,16,9,694,7.7,1,2,0,0,3,0,0.13,0.26,0.39,0.13,0.39,1.6,1.6,1.1,0.21,0.14,0.35,0.21,0.35,Matches
109,Abdoulay Diaby\Abdoulay-Diaby,ml MLI,MF,Getafe,29-252,1991,1,0,18,0.2,0,0,0,0,0,0,0.00,0.00,0.00,0.00,0.00,0.3,0.3,0.1,1.69,0.53,2.22,1.69,2.22,Matches
110,Mouctar Diakhaby\Mouctar-Diakhaby,fr FRA,DF,Valencia,24-040,1996,15,14,1259,14.0,1,0,0,0,1,0,0.07,0.00,0.07,0.07,0.07,0.7,0.7,0.0,0.05,0.00,0.05,0.05,0.05,Matches
111,Víctor Díaz\Victor-Diaz,es ESP,DF,Granada,32-230,1988,4,1,109,1.2,0,0,0,0,0,0,0.00,0.00,0.00,0.00,0.00,0.2,0.2,0.1,0.16,0.06,0.22,0.16,0.22,Matches
112,Papakouli Diop\Papakouli-Diop,sn SEN,MF,Eibar,34-315,1986,16,13,1154,12.8,0,1,0,0,5,2,0.00,0.08,0.08,0.00,0.08,0.2,0.2,0.7,0.02,0.05,0.07,0.02,0.07,Matches
113,Djené\Djene,tg TOG,DF,Getafe,29-028,1991,18,18,1606,17.8,0,0,0,0,7,1,0.00,0.00,0.00,0.00,0.00,0.0,0.0,0.0,0.00,0.00,0.00,0.00,0.00,Matches
114,Marko Dmitrović\Marko-Dmitrovic,rs SRB,GK,Eibar,29-004,1992,20,20,1800,20.0,1,0,1,1,0,0,0.05,0.00,0.05,0.00,0.00,0.8,0.1,0.5,0.04,0.03,0.07,0.00,0.03,Matches
115,Jaume Doménech\Jaume-Domenech,es ESP,GK,Valencia,30-084,1990,20,20,1800,20.0,0,0,0,0,1,0,0.00,0.00,0.00,0.00,0.00,0.0,0.0,0.0,0.00,0.00,0.00,0.00,0.00,Matches
116,John Donald\John-Donald,es ESP,DF,Elche,20-151,2000,2,1,50,0.6,0,0,0,0,0,0,0.00,0.00,0.00,0.00,0.00,0.0,0.0,0.0,0.00,0.00,0.00,0.00,0.00,Matches
117,Idrissa Doumbia\Idrissa-Doumbia,ci CIV,MF,Huesca,22-289,1998,7,1,189,2.1,0,0,0,0,2,0,0.00,0.00,0.00,0.00,0.00,0.3,0.3,0.0,0.15,0.01,0.16,0.15,0.16,Matches
118,Domingos Duarte\Domingos-Duarte,pt POR,DF,Granada,25-324,1995,17,16,1379,15.3,1,0,0,0,4,1,0.07,0.00,0.07,0.07,0.07,1.0,1.0,0.9,0.07,0.06,0.13,0.07,0.13,Matches
119,Óscar Duarte\Oscar-Duarte,cr CRC,DF,Levante,31-239,1989,10,9,797,8.9,1,0,0,0,2,0,0.11,0.00,0.11,0.11,0.11,0.2,0.2,0.0,0.03,0.00,0.03,0.03,0.03,Matches
120,Rubén Duarte\Ruben-Duarte,es ESP,DF,Alavés,25-102,1995,18,17,1538,17.1,0,0,0,0,5,1,0.00,0.00,0.00,0.00,0.00,0.3,0.3,1.9,0.02,0.11,0.13,0.02,0.13,Matches
121,Aritz Elustondo\Aritz-Elustondo,es ESP,DF,Real Sociedad,26-306,1994,11,10,872,9.7,0,0,0,0,4,0,0.00,0.00,0.00,0.00,0.00,0.2,0.2,0.0,0.02,0.00,0.03,0.02,0.03,Matches
122,Rodrigo Ely\Rodrigo-Ely,br BRA,DF,Alavés,27-086,1993,8,6,468,5.2,1,0,0,0,1,0,0.19,0.00,0.19,0.19,0.19,0.2,0.2,0.1,0.04,0.02,0.06,0.04,0.06,Matches
123,Emerson\Emerson,br BRA,DF,Betis,22-014,1999,16,16,1371,15.2,0,1,0,0,6,1,0.00,0.07,0.07,0.00,0.07,0.1,0.1,0.8,0.01,0.06,0.06,0.01,0.06,Matches
124,Youssef En-Nesyri\Youssef-En-Nesyri,ma MAR,FW,Sevilla,23-241,1997,19,12,1148,12.8,12,0,0,0,1,0,0.94,0.00,0.94,0.94,0.94,6.9,6.9,1.0,0.54,0.08,0.62,0.54,0.62,Matches
125,Sergi Enrich\Sergi-Enrich,es ESP,FW,Eibar,30-337,1990,12,3,424,4.7,1,0,0,1,0,0,0.21,0.00,0.21,0.21,0.21,2.3,1.6,0.2,0.50,0.04,0.54,0.33,0.38,Matches
126,Dani Escriche\Dani-Escriche,es ESP,MFFW,Huesca,22-310,1998,8,2,199,2.2,0,0,0,0,2,0,0.00,0.00,0.00,0.00,0.00,0.1,0.1,0.0,0.05,0.00,0.05,0.05,0.05,Matches
127,Sergio Escudero\Sergio-Escudero,es ESP,DF,Sevilla,31-148,1989,4,2,214,2.4,1,0,0,0,1,0,0.42,0.00,0.42,0.42,0.42,0.1,0.1,0.3,0.05,0.11,0.16,0.05,0.16,Matches
128,Alfonso Espino\Alfonso-Espino,uy URU,DF,Cádiz,29-023,1992,18,18,1505,16.7,0,2,0,0,3,0,0.00,0.12,0.12,0.00,0.12,0.1,0.1,1.1,0.01,0.06,0.07,0.01,0.07,Matches
129,Esquerdo\Esquerdo,es ESP,MF,Valencia,22-026,1999,4,3,231,2.6,0,0,0,0,1,0,0.00,0.00,0.00,0.00,0.00,0.0,0.0,0.1,0.01,0.03,0.04,0.01,0.04,Matches
130,Pervis Estupiñán\Pervis-Estupinan,ec ECU,DF,Villarreal,23-007,1998,14,7,661,7.3,0,0,0,0,0,0,0.00,0.00,0.00,0.00,0.00,0.4,0.4,0.9,0.06,0.12,0.18,0.06,0.18,Matches
131,Xabier Etxeita\Xabier-Etxeita,es ESP,DF,Getafe,33-089,1987,9,8,788,8.8,0,0,0,0,3,0,0.00,0.00,0.00,0.00,0.00,0.5,0.5,0.2,0.06,0.02,0.08,0.06,0.08,Matches
132,Edu Expósito\Edu-Exposito,es ESP,MF,Eibar,24-180,1996,19,16,1501,16.7,0,1,0,2,4,0,0.00,0.06,0.06,0.00,0.06,2.3,0.8,2.1,0.14,0.12,0.26,0.05,0.17,Matches
133,Fali\Fali,es ESP,DFMF,Cádiz,27-169,1993,17,14,1271,14.1,0,0,0,0,5,0,0.00,0.00,0.00,0.00,0.00,0.4,0.4,0.5,0.03,0.04,0.06,0.03,0.06,Matches
134,Ansu Fati\Ansu-Fati,es ESP,FW,Barcelona,18-089,2002,7,6,431,4.8,4,0,0,0,1,0,0.84,0.00,0.84,0.84,0.84,1.8,1.8,1.4,0.37,0.29,0.66,0.37,0.66,Matches
135,Nabil Fekir\Nabil-Fekir,fr FRA,MFFW,Betis,27-194,1993,18,18,1471,16.3,1,5,1,3,4,0,0.06,0.31,0.37,0.00,0.31,5.3,3.0,2.2,0.33,0.14,0.46,0.18,0.32,Matches
136,Felipe\Felipe,br BRA,DF,Atlético Madrid,31-257,1989,15,10,902,10.0,0,0,0,0,2,0,0.00,0.00,0.00,0.00,0.00,0.5,0.5,0.0,0.05,0.00,0.05,0.05,0.05,Matches
137,João Félix\Joao-Felix,pt POR,FW,Atlético Madrid,21-079,1999,17,10,1007,11.2,6,4,1,2,2,0,0.54,0.36,0.89,0.45,0.80,4.5,3.0,3.2,0.40,0.28,0.69,0.27,0.55,Matches
138,Aitor Fernández\Aitor-Fernandez,es ESP,GK,Levante,29-270,1991,17,17,1530,17.0,0,0,0,0,0,0,0.00,0.00,0.00,0.00,0.00,0.0,0.0,0.0,0.00,0.00,0.00,0.00,0.00,Matches
139,Álex Fernández\Alex-Fernandez,es ESP,MF,Cádiz,28-105,1992,20,17,1554,17.3,1,1,0,0,1,0,0.06,0.06,0.12,0.06,0.12,1.1,1.1,1.8,0.06,0.10,0.17,0.06,0.17,Matches
140,Álvaro Fernández\Alvaro-Fernandez,es ESP,GK,Huesca,22-290,1998,9,9,810,9.0,0,0,0,0,0,0,0.00,0.00,0.00,0.00,0.00,0.0,0.0,0.0,0.00,0.00,0.00,0.00,0.00,Matches
141,Andrés Fernández\Andres-Fernandez,es ESP,GK,Huesca,34-042,1986,11,11,990,11.0,0,0,0,0,0,0,0.00,0.00,0.00,0.00,0.00,0.0,0.0,0.0,0.00,0.00,0.00,0.00,0.00,Matches
142,Augusto Fernández\Augusto-Fernandez,ar ARG,MF,Cádiz,34-293,1986,8,2,235,2.6,0,0,0,0,1,0,0.00,0.00,0.00,0.00,0.00,0.0,0.0,0.0,0.00,0.00,0.00,0.00,0.00,Matches
143,Carlos Fernández\Carlos-Fernandez,es ESP,FW,Sevilla,24-251,1996,5,2,143,1.6,0,0,0,0,0,0,0.00,0.00,0.00,0.00,0.00,0.1,0.1,0.1,0.09,0.06,0.14,0.09,0.14,Matches
144,Joaquín Fernández\Joaquin-Fernandez,es ESP,DF,Valladolid,24-242,1996,12,11,988,11.0,1,0,0,0,4,0,0.09,0.00,0.09,0.09,0.09,0.5,0.5,0.2,0.04,0.02,0.07,0.04,0.07,Matches
145,Fernando\Fernando,br BRA,MF,Sevilla,33-187,1987,16,16,1391,15.5,0,2,0,0,5,0,0.00,0.13,0.13,0.00,0.13,0.1,0.1,1.2,0.00,0.08,0.08,0.00,0.08,Matches
146,David Ferreiro\David-Ferreiro,es ESP,FWMF,Huesca,32-302,1988,19,15,1282,14.2,1,2,0,0,1,0,0.07,0.14,0.21,0.07,0.21,1.3,1.3,2.7,0.09,0.19,0.28,0.09,0.28,Matches
147,Fidel\Fidel,es ESP,MFDF,Elche,31-093,1989,15,14,1207,13.4,4,2,2,2,2,0,0.30,0.15,0.45,0.15,0.30,2.4,0.9,2.4,0.18,0.18,0.36,0.07,0.25,Matches
148,Junior Firpo\Junior-Firpo,es ESP,DF,Barcelona,24-159,1996,4,1,150,1.7,0,1,0,0,0,0,0.00,0.60,0.60,0.00,0.60,0.0,0.0,0.7,0.00,0.41,0.41,0.00,0.41,Matches
149,Kingsley Fobi\Kingsley-Fobi,gh GHA,DF,Granada,22-130,1998,1,0,45,0.5,0,0,0,0,0,0,0.00,0.00,0.00,0.00,0.00,0.0,0.0,0.0,0.00,0.00,0.00,0.00,0.00,Matches
150,Ramón Folch\Ramon-Folch,es ESP,MF,Elche,31-116,1989,1,0,1,0.0,0,0,0,0,0,0,0.00,0.00,0.00,0.00,0.00,0.0,0.0,0.0,0.00,0.00,0.00,0.00,0.00,Matches
151,José Fontán\Jose-Fontan,es ESP,DF,Celta Vigo,20-352,2000,7,4,338,3.8,0,0,0,0,2,1,0.00,0.00,0.00,0.00,0.00,0.5,0.5,0.0,0.13,0.00,0.13,0.13,0.13,Matches
152,Dimitri Foulquier\Dimitri-Foulquier,fr FRA,DF,Granada,27-311,1993,16,16,1331,14.8,0,2,0,0,6,0,0.00,0.14,0.14,0.00,0.14,0.1,0.1,1.1,0.01,0.08,0.08,0.01,0.08,Matches
153,Juan Foyth\Juan-Foyth,ar ARG,MFDF,Villarreal,23-016,1998,6,4,295,3.3,0,0,0,0,2,0,0.00,0.00,0.00,0.00,0.00,0.0,0.0,0.0,0.00,0.00,0.00,0.00,0.00,Matches
154,Jorge de Frutos\Jorge-de-Frutos,es ESP,MF,Levante,23-343,1997,19,8,874,9.7,2,5,0,0,1,0,0.21,0.51,0.72,0.21,0.72,1.9,1.9,3.4,0.19,0.35,0.55,0.19,0.55,Matches
155,Ramiro Funes Mori\Ramiro-Funes-Mori,ar ARG,DF,Villarreal,29-329,1991,3,1,97,1.1,0,0,0,0,0,0,0.00,0.00,0.00,0.00,0.00,0.0,0.0,0.0,0.00,0.00,0.00,0.00,0.00,Matches
156,Javi Galán\Javi-Galan,es ESP,DF,Huesca,26-070,1994,20,18,1647,18.3,0,2,0,0,2,0,0.00,0.11,0.11,0.00,0.11,0.0,0.0,1.2,0.00,0.06,0.07,0.00,0.07,Matches
157,Enric Gallego\Enric-Gallego,es ESP,FW,Osasuna,34-138,1986,12,6,591,6.6,0,1,0,0,1,0,0.00,0.15,0.15,0.00,0.15,1.1,1.1,0.5,0.17,0.08,0.26,0.17,0.26,Matches
158,Kévin Gameiro\Kevin-Gameiro,fr FRA,FW,Valencia,33-264,1987,13,5,503,5.6,1,1,0,0,0,0,0.18,0.18,0.36,0.18,0.36,1.9,1.9,0.9,0.34,0.16,0.50,0.34,0.50,Matches
159,Aleix García\Aleix-Garcia,es ESP,MF,Eibar,23-214,1997,1,0,28,0.3,0,0,0,0,0,0,0.00,0.00,0.00,0.00,0.00,0.0,0.0,0.0,0.00,0.00,0.00,0.00,0.00,Matches
160,Borja García\Borja-Garcia,es ESP,MFFW,Huesca,30-087,1990,17,13,1094,12.2,1,0,0,0,0,0,0.08,0.00,0.08,0.08,0.08,1.2,1.2,1.1,0.10,0.09,0.20,0.10,0.20,Matches
161,Dani García\Dani-Garcia,es ESP,MF,Athletic Club,30-249,1990,15,12,1032,11.5,0,1,0,0,4,0,0.00,0.09,0.09,0.00,0.09,0.2,0.2,0.3,0.02,0.03,0.04,0.02,0.04,Matches
162,David García\David-Garcia,es ESP,DF,Osasuna,26-349,1994,18,18,1620,18.0,1,0,0,0,5,0,0.06,0.00,0.06,0.06,0.06,0.9,0.9,0.2,0.05,0.01,0.06,0.05,0.06,Matches
163,Manu García\Manu-Garcia,es ESP,MF,Alavés,34-277,1986,14,2,401,4.5,0,0,0,0,1,0,0.00,0.00,0.00,0.00,0.00,0.4,0.4,0.0,0.09,0.00,0.09,0.09,0.09,Matches
164,Raúl García\Raul-Garcia,es ESP,FWMF,Athletic Club,34-201,1986,18,12,987,11.0,3,1,1,1,6,1,0.27,0.09,0.36,0.18,0.27,3.1,2.4,0.4,0.29,0.04,0.33,0.22,0.26,Matches
165,Raúl García\Raul-Garcia,es ESP,DFMF,Valladolid,31-273,1989,8,5,504,5.6,1,0,0,0,2,0,0.18,0.00,0.18,0.18,0.18,0.1,0.1,0.2,0.02,0.04,0.06,0.02,0.06,Matches
166,Rubén García\Ruben-Garcia,es ESP,MFFW,Osasuna,27-198,1993,20,19,1600,17.8,3,3,1,1,2,0,0.17,0.17,0.34,0.11,0.28,2.3,1.5,3.2,0.13,0.18,0.31,0.09,0.27,Matches
167,Sergi García\Sergi-Garcia,es ESP,MF,Alavés,21-289,1999,2,0,16,0.2,0,0,0,0,0,0,0.00,0.00,0.00,0.00,0.00,0.0,0.0,0.0,0.00,0.00,0.00,0.00,0.00,Matches
168,Unai García\Unai-Garcia,es ESP,DF,Osasuna,28-360,1992,10,8,821,9.1,0,0,0,0,2,0,0.00,0.00,0.00,0.00,0.00,0.3,0.3,0.0,0.03,0.01,0.04,0.03,0.04,Matches
169,Mario Gaspar\Mario-Gaspar,es ESP,DF,Villarreal,30-065,1990,15,14,1200,13.3,0,2,0,0,2,0,0.00,0.15,0.15,0.00,0.15,0.4,0.4,1.5,0.03,0.11,0.14,0.03,0.14,Matches
170,David Gil\David-Gil,es ESP,GK,Cádiz,27-017,1994,1,1,90,1.0,0,0,0,0,0,0,0.00,0.00,0.00,0.00,0.00,0.0,0.0,0.0,0.00,0.00,0.00,0.00,0.00,Matches
171,Álvaro Giménez\Alvaro-Gimenez,es ESP,FWMF,Cádiz,29-254,1991,11,3,407,4.5,2,1,0,0,0,0,0.44,0.22,0.66,0.44,0.66,1.4,1.4,0.0,0.31,0.01,0.32,0.31,0.32,Matches
172,Dani Gómez\Dani-Gomez,es ESP,FW,Levante,22-182,1998,17,9,827,9.2,2,1,0,0,2,0,0.22,0.11,0.33,0.22,0.33,2.2,2.2,0.5,0.24,0.06,0.30,0.24,0.30,Matches
173,Maxi Gómez\Maxi-Gomez,uy URU,FW,Valencia,24-167,1996,17,17,1504,16.7,5,0,0,0,4,0,0.30,0.00,0.30,0.30,0.30,4.2,4.2,0.3,0.25,0.02,0.27,0.25,0.27,Matches
174,Moi Gómez\Moi-Gomez,es ESP,MFFW,Villarreal,26-219,1994,17,16,1430,15.9,2,0,1,1,1,0,0.13,0.00,0.13,0.06,0.06,2.5,1.7,1.8,0.16,0.11,0.27,0.11,0.22,Matches
175,Sergi Gómez\Sergi-Gomez,es ESP,DF,Sevilla,28-306,1992,5,5,368,4.1,0,0,0,0,0,0,0.00,0.00,0.00,0.00,0.00,0.0,0.0,0.0,0.00,0.00,0.00,0.00,0.00,Matches
176,Sergio Gómez\Sergio-Gomez,es ESP,FWMF,Huesca,20-146,2000,14,2,356,4.0,0,1,0,0,0,0,0.00,0.25,0.25,0.00,0.25,0.4,0.4,0.6,0.09,0.15,0.24,0.09,0.24,Matches
177,Maxime Gonalons\Maxime-Gonalons,fr FRA,MF,Granada,31-324,1989,13,11,843,9.4,0,1,0,0,6,1,0.00,0.11,0.11,0.00,0.11,0.1,0.1,0.5,0.01,0.05,0.06,0.01,0.06,Matches
178,Alfonso González\Alfonso-Gonzalez,es ESP,MF,Celta Vigo,21-269,1999,2,0,34,0.4,0,0,0,0,0,0,0.00,0.00,0.00,0.00,0.00,0.0,0.0,0.1,0.13,0.22,0.35,0.13,0.35,Matches
179,Bruno González\Bruno-Gonzalez,es ESP,DF,Valladolid,30-249,1990,16,16,1440,16.0,1,0,0,0,5,0,0.06,0.00,0.06,0.06,0.06,0.3,0.3,0.0,0.02,0.00,0.02,0.02,0.02,Matches
180,Diego González\Diego-Gonzalez,es ESP,DF,Elche,26-000,1995,9,7,600,6.7,0,0,0,0,3,0,0.00,0.00,0.00,0.00,0.00,0.1,0.1,0.1,0.02,0.01,0.03,0.02,0.03,Matches
181,Sergio González\Sergio-Gonzalez,es ESP,MF,Cádiz,23-259,1997,1,1,90,1.0,0,0,0,0,0,0,0.00,0.00,0.00,0.00,0.00,0.0,0.0,0.0,0.02,0.02,0.04,0.02,0.04,Matches
182,Urko González\Urko-Gonzalez,es ESP,MF,Real Sociedad,19-314,2001,1,0,2,0.0,0,0,0,0,0,0,0.00,0.00,0.00,0.00,0.00,0.0,0.0,0.0,0.00,0.00,0.00,0.00,0.00,Matches
183,Andoni Gorosabel\Andoni-Gorosabel,es ESP,DF,Real Sociedad,24-177,1996,16,15,1237,13.7,0,1,0,0,1,0,0.00,0.07,0.07,0.00,0.07,0.6,0.6,1.9,0.04,0.14,0.18,0.04,0.18,Matches
184,Antoine Griezmann\Antoine-Griezmann,fr FRA,FWMF,Barcelona,29-313,1991,18,16,1269,14.1,5,4,0,1,2,0,0.35,0.28,0.64,0.35,0.64,7.5,6.8,2.7,0.53,0.19,0.72,0.48,0.67,Matches
185,Andrés Guardado\Andres-Guardado,mx MEX,MFFW,Betis,34-122,1986,9,6,441,4.9,0,0,0,0,0,0,0.00,0.00,0.00,0.00,0.00,0.0,0.0,0.4,0.00,0.09,0.10,0.00,0.10,Matches
186,Sergi Guardiola\Sergi-Guardiola,es ESP,FW,Valladolid,29-244,1991,15,10,919,10.2,1,2,1,2,1,0,0.10,0.20,0.29,0.00,0.20,3.9,2.4,1.0,0.38,0.10,0.48,0.23,0.33,Matches
187,Nemanja Gudelj\Nemanja-Gudelj,rs SRB,MFDF,Sevilla,29-073,1991,14,3,423,4.7,0,0,0,0,5,0,0.00,0.00,0.00,0.00,0.00,0.1,0.1,0.0,0.02,0.01,0.03,0.02,0.03,Matches
188,Gonçalo Guedes\Goncalo-Guedes,pt POR,MFFW,Valencia,24-060,1996,15,12,997,11.1,1,0,0,0,1,1,0.09,0.00,0.09,0.09,0.09,1.1,1.1,1.2,0.10,0.11,0.20,0.10,0.20,Matches
189,Ander Guevara\Ander-Guevara,es ESP,MF,Real Sociedad,23-205,1997,15,12,954,10.6,0,0,0,0,2,0,0.00,0.00,0.00,0.00,0.00,0.0,0.0,0.0,0.00,0.00,0.01,0.00,0.01,Matches
190,John Guidetti\John-Guidetti,se SWE,FW,Alavés,28-288,1992,4,0,65,0.7,0,0,0,0,0,0,0.00,0.00,0.00,0.00,0.00,0.3,0.3,0.0,0.45,0.00,0.45,0.45,0.45,Matches
191,Hugo Guillamón\Hugo-Guillamon,es ESP,DF,Valencia,20-363,2000,11,9,851,9.5,1,0,0,0,6,0,0.11,0.00,0.11,0.11,0.11,0.3,0.3,0.0,0.03,0.00,0.03,0.03,0.03,Matches
192,Jon Guridi\Jon-Guridi,es ESP,MF,Real Sociedad,25-335,1995,8,5,438,4.9,0,1,0,0,2,0,0.00,0.21,0.21,0.00,0.21,0.7,0.7,0.6,0.14,0.13,0.27,0.14,0.27,Matches
193,Raúl Guti\Raul-Guti,es ESP,MF,Elche,24-029,1996,17,14,1278,14.2,1,0,0,0,2,0,0.07,0.00,0.07,0.07,0.07,0.7,0.7,0.0,0.05,0.00,0.05,0.05,0.05,Matches
194,Marcos Mauro López Gutiérrez\Marcos-Mauro-Lopez-Gutierrez,ar ARG,DF,Cádiz,30-019,1991,10,10,813,9.0,0,0,0,0,2,0,0.00,0.00,0.00,0.00,0.00,0.2,0.2,0.1,0.02,0.01,0.03,0.02,0.03,Matches
195,Munir El Haddadi\Munir-El-Haddadi,es ESP,FW,Sevilla,25-149,1995,15,5,509,5.7,2,1,0,0,0,0,0.35,0.18,0.53,0.35,0.53,2.6,2.6,1.2,0.46,0.22,0.68,0.46,0.68,Matches
196,Eden Hazard\Eden-Hazard,be BEL,FW,Real Madrid,30-021,1991,7,5,317,3.5,2,1,0,0,0,0,0.57,0.28,0.85,0.57,0.85,1.2,1.2,0.2,0.35,0.07,0.42,0.35,0.42,Matches
197,Mario Hermoso\Mario-Hermoso,es ESP,DF,Atlético Madrid,25-224,1995,15,15,1336,14.8,1,1,0,0,4,0,0.07,0.07,0.13,0.07,0.13,0.3,0.3,0.1,0.02,0.01,0.03,0.02,0.03,Matches
198,Aridane Hernández\Aridane-Hernandez,gq EQG,DF,Osasuna,31-311,1989,11,11,856,9.5,0,0,0,0,3,1,0.00,0.00,0.00,0.00,0.00,0.1,0.1,0.5,0.01,0.05,0.06,0.01,0.06,Matches
199,Héctor Herrera\Hector-Herrera,mx MEX,MF,Atlético Madrid,30-284,1990,7,4,360,4.0,0,0,0,0,2,0,0.00,0.00,0.00,0.00,0.00,0.0,0.0,0.2,0.01,0.06,0.07,0.01,0.07,Matches
200,Sergio Herrera\Sergio-Herrera,es ESP,GK,Osasuna,27-237,1993,18,17,1608,17.9,0,0,0,0,2,0,0.00,0.00,0.00,0.00,0.00,0.0,0.0,0.0,0.00,0.00,0.00,0.00,0.00,Matches
201,Yangel Herrera\Yangel-Herrera,ve VEN,MF,Granada,23-021,1998,18,14,1294,14.4,2,1,0,0,5,0,0.14,0.07,0.21,0.14,0.21,1.0,1.0,0.8,0.07,0.06,0.12,0.07,0.12,Matches
202,Pablo Hervías\Pablo-Hervias,es ESP,DF,Valladolid,27-326,1993,18,8,903,10.0,0,3,0,0,1,0,0.00,0.30,0.30,0.00,0.30,0.4,0.4,2.0,0.04,0.20,0.23,0.04,0.23,Matches
203,Jordan Holsgrove\Jordan-Holsgrove,sco SCO,MF,Celta Vigo,21-140,1999,1,0,45,0.5,0,0,0,0,0,0,0.00,0.00,0.00,0.00,0.00,0.1,0.1,0.0,0.16,0.00,0.16,0.16,0.16,Matches
204,Vicente Iborra\Vicente-Iborra,es ESP,MF,Villarreal,33-012,1988,13,10,928,10.3,0,0,0,0,4,0,0.00,0.00,0.00,0.00,0.00,0.2,0.2,0.2,0.02,0.02,0.03,0.02,0.03,Matches
205,Oussama Idrissi\Oussama-Idrissi,ma MAR,FWMF,Sevilla,24-337,1996,3,0,27,0.3,0,0,0,0,0,0,0.00,0.00,0.00,0.00,0.00,0.3,0.3,0.0,0.96,0.00,0.96,0.96,0.96,Matches
206,Borja Iglesias\Borja-Iglesias,es ESP,FW,Betis,28-011,1993,13,4,440,4.9,1,0,0,0,2,0,0.20,0.00,0.20,0.20,0.20,0.8,0.8,0.0,0.16,0.00,0.17,0.16,0.17,Matches
207,Juan Iglesias\Juan-Iglesias,es ESP,DF,Getafe,22-209,1998,2,1,94,1.0,0,0,0,0,0,0,0.00,0.00,0.00,0.00,0.00,0.0,0.0,0.0,0.01,0.01,0.02,0.01,0.02,Matches
208,Pablo Insua\Pablo-Insua,es ESP,DF,Huesca,27-141,1993,9,8,722,8.0,0,0,0,0,6,0,0.00,0.00,0.00,0.00,0.00,0.0,0.0,0.0,0.00,0.00,0.01,0.00,0.01,Matches
209,Takashi Inui\Takashi-Inui,jp JPN,MFFW,Eibar,32-240,1988,18,17,1356,15.1,1,0,0,0,0,0,0.07,0.00,0.07,0.07,0.07,2.0,2.0,1.5,0.13,0.10,0.23,0.13,0.23,Matches
210,Alexander Isak\Alexander-Isak,se SWE,FW,Real Sociedad,21-129,1999,16,12,1002,11.1,5,2,0,0,3,0,0.45,0.18,0.63,0.45,0.63,5.5,5.5,0.7,0.49,0.06,0.56,0.49,0.56,Matches
211,Isco\Isco,es ESP,MF,Real Madrid,28-282,1992,12,3,379,4.2,0,1,0,0,0,0,0.00,0.24,0.24,0.00,0.24,0.9,0.9,0.5,0.21,0.11,0.31,0.21,0.31,Matches
212,Jairo Izquierdo\Jairo-Izquierdo,es ESP,MFDF,Cádiz,27-098,1993,13,6,621,6.9,0,0,0,0,1,0,0.00,0.00,0.00,0.00,0.00,0.1,0.1,0.0,0.01,0.01,0.02,0.01,0.02,Matches
213,Saidy Janko\Saidy-Janko,ch SUI,DF,Valladolid,25-098,1995,5,2,205,2.3,0,0,0,0,1,0,0.00,0.00,0.00,0.00,0.00,0.0,0.0,0.1,0.01,0.06,0.07,0.01,0.07,Matches
214,Adnan Januzaj\Adnan-Januzaj,be BEL,FWMF,Real Sociedad,25-358,1995,11,4,346,3.8,2,1,1,1,1,0,0.52,0.26,0.78,0.26,0.52,2.0,1.2,0.9,0.51,0.24,0.75,0.31,0.55,Matches
215,Jason\Jason,es ESP,MFDF,Valencia,26-206,1994,14,4,419,4.7,0,0,0,0,3,1,0.00,0.00,0.00,0.00,0.00,0.1,0.1,0.6,0.03,0.12,0.15,0.03,0.15,Matches
216,Luis Javier Suárez\Luis-Javier-Suarez,co COL,FWMF,Granada,23-057,1997,17,11,1013,11.3,5,0,0,0,3,0,0.44,0.00,0.44,0.44,0.44,4.3,4.3,0.5,0.38,0.04,0.42,0.38,0.42,Matches
217,Ángel Jiménez\Angel-Jimenez,es ESP,GK,Granada,18-220,2002,1,1,90,1.0,0,0,0,0,0,0,0.00,0.00,0.00,0.00,0.00,0.0,0.0,0.0,0.00,0.00,0.00,0.00,0.00,Matches
218,Joaquín\Joaquin,es ESP,FWMF,Betis,39-191,1981,14,10,751,8.3,1,4,0,0,0,0,0.12,0.48,0.60,0.12,0.60,0.7,0.7,2.0,0.09,0.24,0.33,0.09,0.33,Matches
219,Frenkie de Jong\Frenkie-de-Jong,nl NED,MF,Barcelona,23-261,1997,19,18,1608,17.9,3,3,0,0,2,0,0.17,0.17,0.34,0.17,0.34,2.9,2.9,2.3,0.16,0.13,0.29,0.16,0.29,Matches
220,Luuk de Jong\Luuk-de-Jong,nl NED,FW,Sevilla,30-154,1990,18,7,687,7.6,2,0,0,0,2,0,0.26,0.00,0.26,0.26,0.26,1.5,1.5,0.7,0.20,0.09,0.29,0.20,0.29,Matches
221,Jony\Jony,es ESP,MFFW,Osasuna,29-203,1991,13,7,597,6.6,0,1,0,0,0,0,0.00,0.15,0.15,0.00,0.15,0.4,0.4,1.8,0.07,0.28,0.34,0.07,0.34,Matches
222,Joan Jordán\Joan-Jordan,es ESP,MF,Sevilla,26-206,1994,18,15,1225,13.6,0,3,0,0,4,1,0.00,0.22,0.22,0.00,0.22,0.6,0.6,1.3,0.04,0.10,0.14,0.04,0.14,Matches
223,Josan\Josan,es ESP,DFMF,Elche,31-056,1989,17,15,1234,13.7,4,1,0,0,2,0,0.29,0.07,0.36,0.29,0.36,1.4,1.4,0.5,0.10,0.03,0.14,0.10,0.14,Matches
224,Willian José\Willian-Jose,br BRA,FW,Real Sociedad,29-066,1991,13,8,689,7.7,3,1,0,1,0,0,0.39,0.13,0.52,0.39,0.52,4.3,3.5,0.9,0.56,0.11,0.67,0.46,0.58,Matches
225,Joselu\Joselu,es ESP,FW,Alavés,30-307,1990,19,17,1518,16.9,4,1,1,2,1,0,0.24,0.06,0.30,0.18,0.24,7.0,5.4,1.6,0.41,0.10,0.51,0.32,0.42,Matches
226,Josema\Josema,es ESP,DF,Elche,24-236,1996,16,14,1274,14.2,0,1,0,0,2,0,0.00,0.07,0.07,0.00,0.07,0.2,0.2,0.4,0.01,0.03,0.04,0.01,0.04,Matches
227,Jota\Jota,pt POR,FW,Valladolid,21-304,1999,9,4,356,4.0,1,0,0,0,1,0,0.25,0.00,0.25,0.25,0.25,,,,,,,,,Matches
228,Jota\Jota,es ESP,MF,Alavés,29-226,1991,13,10,787,8.7,0,1,0,0,4,1,0.00,0.11,0.11,0.00,0.11,0.4,0.4,1.0,0.05,0.11,0.16,0.05,0.16,Matches
229,Luka Jović\Luka-Jovic,rs SRB,FWMF,Real Madrid,23-036,1997,4,2,149,1.7,0,0,0,0,0,0,0.00,0.00,0.00,0.00,0.00,1.1,1.1,0.1,0.67,0.08,0.75,0.67,0.75,Matches
230,Juan\Juan,ar ARG,MF,Granada,23-004,1998,1,0,23,0.3,0,0,0,0,0,0,0.00,0.00,0.00,0.00,0.00,0.0,0.0,0.0,0.00,0.00,0.00,0.00,0.00,Matches
231,Juanmi\Juanmi,es ESP,FWMF,Betis,27-253,1993,6,2,197,2.2,0,0,0,0,0,0,0.00,0.00,0.00,0.00,0.00,0.9,0.9,0.0,0.39,0.02,0.41,0.39,0.41,Matches
232,Vinicius Júnior\Vinicius-Junior,br BRA,FW,Real Madrid,20-200,2000,16,8,800,8.9,2,1,0,0,1,0,0.23,0.11,0.34,0.23,0.34,4.1,4.1,1.0,0.46,0.11,0.57,0.46,0.57,Matches
233,Jens Jønsson\Jens-Jonsson,dk DEN,MF,Cádiz,28-018,1993,20,19,1523,16.9,0,0,0,0,2,0,0.00,0.00,0.00,0.00,0.00,0.5,0.5,1.0,0.03,0.06,0.09,0.03,0.09,Matches
234,Damian Kądzior\Damian-Kadzior,pl POL,FWMF,Eibar,28-226,1992,6,2,195,2.2,0,0,0,0,0,0,0.00,0.00,0.00,0.00,0.00,0.1,0.1,0.0,0.05,0.01,0.06,0.05,0.06,Matches
235,Lee Kangin\Lee-Kangin,kr KOR,FWMF,Valencia,19-344,2001,13,8,638,7.1,0,3,0,0,0,0,0.00,0.42,0.42,0.00,0.42,0.6,0.6,1.8,0.09,0.25,0.34,0.09,0.34,Matches
236,Stephane Keller\Stephane-Keller,cm CMR,DF,Alavés,19-161,2001,1,0,16,0.2,0,0,0,0,0,0,0.00,0.00,0.00,0.00,0.00,0.0,0.0,0.0,0.00,0.00,0.00,0.00,0.00,Matches
237,Kenedy\Kenedy,br BRA,FWMF,Granada,24-355,1996,16,10,792,8.8,2,2,0,0,1,0,0.23,0.23,0.45,0.23,0.45,0.9,0.9,1.3,0.11,0.15,0.25,0.11,0.25,Matches
238,Kike\Kike,es ESP,FW,Eibar,31-064,1989,19,18,1533,17.0,5,2,0,0,3,1,0.29,0.12,0.41,0.29,0.41,6.1,6.1,1.2,0.36,0.07,0.43,0.36,0.43,Matches
239,Giorgi Kochorashvili\Giorgi-Kochorashvili,ge GEO,MF,Levante,21-213,1999,1,0,2,0.0,0,0,0,0,0,0,0.00,0.00,0.00,0.00,0.00,0.0,0.0,0.0,0.00,0.00,0.00,0.00,0.00,Matches
240,Kenan Kodro\Kenan-Kodro,ba BIH,FWMF,Athletic Club,27-162,1993,3,0,44,0.5,1,0,1,1,1,0,2.05,0.00,2.05,0.00,0.00,0.8,0.0,0.0,1.60,0.00,1.60,0.04,0.04,Matches
241,Koba Koindredi\Koba-Koindredi,fr FRA,MF,Valencia,19-093,2001,2,0,15,0.2,0,0,0,0,0,0,0.00,0.00,0.00,0.00,0.00,0.0,0.0,0.0,0.00,0.00,0.00,0.00,0.00,Matches
242,Koke\Koke,es ESP,MF,Atlético Madrid,29-020,1992,17,15,1342,14.9,0,0,0,0,5,0,0.00,0.00,0.00,0.00,0.00,0.6,0.6,1.4,0.04,0.09,0.13,0.04,0.13,Matches
243,Geoffrey Kondogbia\Geoffrey-Kondogbia,cf CTA,MFFW,Atlético Madrid,27-348,1993,9,0,151,1.7,0,0,0,0,1,0,0.00,0.00,0.00,0.00,0.00,0.0,0.0,0.0,0.00,0.00,0.00,0.00,0.00,Matches
244,Geoffrey Kondogbia\Geoffrey-Kondogbia,cf CTA,MF,Valencia,27-348,1993,5,5,440,4.9,0,0,0,0,1,0,0.00,0.00,0.00,0.00,0.00,0.1,0.1,0.0,0.01,0.00,0.01,0.01,0.01,Matches
245,Youssouf Koné\Youssouf-Kone,ml MLI,DFFW,Elche,25-207,1995,3,1,73,0.8,0,0,0,0,0,0,0.00,0.00,0.00,0.00,0.00,0.0,0.0,0.0,0.00,0.00,0.00,0.00,0.00,Matches
246,Jules Koundé\Jules-Kounde,fr FRA,DF,Sevilla,22-077,1998,16,16,1440,16.0,1,0,0,0,2,0,0.06,0.00,0.06,0.06,0.06,1.2,1.2,0.3,0.08,0.02,0.09,0.08,0.09,Matches
247,Toni Kroos\Toni-Kroos,de GER,MF,Real Madrid,31-024,1990,17,15,1287,14.3,1,3,0,0,4,0,0.07,0.21,0.28,0.07,0.28,1.4,1.4,4.2,0.10,0.30,0.39,0.10,0.39,Matches
248,Takefusa Kubo\Takefusa-Kubo,jp JPN,MFFW,Villarreal,19-238,2001,13,2,299,3.3,0,0,0,0,2,1,0.00,0.00,0.00,0.00,0.00,1.4,1.4,0.5,0.41,0.16,0.57,0.41,0.57,Matches
249,Takefusa Kubo\Takefusa-Kubo,jp JPN,MF,Getafe,19-238,2001,3,2,174,1.9,0,0,0,0,0,0,0.00,0.00,0.00,0.00,0.00,0.2,0.2,0.1,0.11,0.04,0.15,0.11,0.15,Matches
250,Kuki\Kuki,es ESP,MF,Valladolid,22-268,1998,2,0,30,0.3,0,1,0,0,0,0,0.00,3.00,3.00,0.00,3.00,0.0,0.0,0.1,0.00,0.16,0.16,0.00,0.16,Matches
251,Víctor Laguardia\Victor-Laguardia,es ESP,DF,Alavés,31-084,1989,18,17,1437,16.0,0,0,0,0,3,1,0.00,0.00,0.00,0.00,0.00,0.8,0.8,0.4,0.05,0.03,0.08,0.05,0.08,Matches
252,Diego Lainez\Diego-Lainez,mx MEX,FWMF,Betis,20-233,2000,11,4,442,4.9,0,1,0,0,1,0,0.00,0.20,0.20,0.00,0.20,0.5,0.5,0.7,0.09,0.14,0.23,0.09,0.23,Matches
253,Toni Lato\Toni-Lato,es ESP,DF,Valencia,23-068,1997,9,4,401,4.5,1,0,0,0,1,0,0.22,0.00,0.22,0.22,0.22,1.0,1.0,0.3,0.22,0.06,0.28,0.22,0.28,Matches
254,Robin Le Normand\Robin-Le-Normand,fr FRA,DF,Real Sociedad,24-078,1996,17,15,1412,15.7,0,0,0,0,4,1,0.00,0.00,0.00,0.00,0.00,1.0,1.0,0.1,0.07,0.00,0.07,0.07,0.07,Matches
255,Jeremías Ledesma\Jeremias-Ledesma,ar ARG,GK,Cádiz,27-350,1993,17,17,1530,17.0,0,0,0,0,0,0,0.00,0.00,0.00,0.00,0.00,0.0,0.0,0.0,0.00,0.00,0.00,0.00,0.00,Matches
256,Florian Lejeune\Florian-Lejeune,fr FRA,DF,Alavés,29-253,1991,17,17,1485,16.5,0,0,0,0,7,0,0.00,0.00,0.00,0.00,0.00,0.3,0.3,0.2,0.02,0.01,0.03,0.02,0.03,Matches
257,Iñigo Lekue\Inigo-Lekue,es ESP,DFFW,Athletic Club,27-269,1993,6,0,60,0.7,0,0,0,0,0,0,0.00,0.00,0.00,0.00,0.00,0.0,0.0,0.1,0.00,0.12,0.12,0.00,0.12,Matches
258,Thomas Lemar\Thomas-Lemar,fr FRA,MFFW,Atlético Madrid,25-077,1995,16,11,830,9.2,1,1,0,0,1,0,0.11,0.11,0.22,0.11,0.22,0.9,0.9,1.2,0.10,0.13,0.23,0.10,0.23,Matches
259,Clément Lenglet\Clement-Lenglet,fr FRA,DF,Barcelona,25-225,1995,16,14,1157,12.9,1,0,0,0,7,1,0.08,0.00,0.08,0.08,0.08,0.9,0.9,0.5,0.07,0.04,0.11,0.07,0.11,Matches
260,Lautado de León\Lautado-de-Leon,uy URU,MFFW,Celta Vigo,19-354,2001,1,0,14,0.2,0,0,0,0,0,0,0.00,0.00,0.00,0.00,0.00,0.0,0.0,0.0,0.00,0.00,0.00,0.00,0.00,Matches
261,Pedro León\Pedro-Leon,es ESP,MFFW,Eibar,34-065,1986,13,5,448,5.0,1,1,0,0,1,0,0.20,0.20,0.40,0.20,0.40,0.3,0.3,0.4,0.07,0.09,0.16,0.07,0.16,Matches
262,Sergio León\Sergio-Leon,es ESP,FW,Levante,32-022,1989,14,2,358,4.0,1,0,0,0,0,0,0.25,0.00,0.25,0.25,0.25,1.9,1.9,0.1,0.47,0.03,0.50,0.47,0.50,Matches
263,Diego Llorente\Diego-Llorente,es ESP,DF,Real Sociedad,27-165,1993,1,1,90,1.0,0,0,0,0,0,0,0.00,0.00,0.00,0.00,0.00,0.0,0.0,0.0,0.00,0.00,0.00,0.00,0.00,Matches
264,Marcos Llorente\Marcos-Llorente,es ESP,MFFW,Atlético Madrid,25-364,1995,18,14,1272,14.1,6,5,0,0,2,0,0.42,0.35,0.78,0.42,0.78,2.1,2.1,1.3,0.15,0.09,0.24,0.15,0.24,Matches
265,Renan Lodi\Renan-Lodi,br BRA,DF,Atlético Madrid,22-295,1998,10,5,516,5.7,0,1,0,0,1,0,0.00,0.17,0.17,0.00,0.17,0.1,0.1,0.5,0.02,0.09,0.11,0.02,0.11,Matches
266,Pedro López Muñoz\Pedro-Lopez-Munoz,es ESP,DF,Huesca,37-088,1983,9,7,636,7.1,0,1,0,0,2,0,0.00,0.14,0.14,0.00,0.14,0.0,0.0,0.4,0.00,0.06,0.06,0.00,0.06,Matches
267,Adrián López\Adrian-Lopez,es ESP,FW,Osasuna,33-020,1988,9,4,326,3.6,1,1,0,0,0,0,0.28,0.28,0.55,0.28,0.55,0.9,0.9,0.1,0.24,0.02,0.26,0.24,0.26,Matches
268,Javi López\Javi-Lopez,es ESP,DFMF,Alavés,19-027,2002,8,1,192,2.1,0,0,0,0,1,0,0.00,0.00,0.00,0.00,0.00,0.1,0.1,0.1,0.04,0.04,0.08,0.04,0.08,Matches
269,Roberto López\Roberto-Lopez,es ESP,MF,Real Sociedad,20-279,2000,12,4,409,4.5,2,0,0,0,0,0,0.44,0.00,0.44,0.44,0.44,0.5,0.5,0.9,0.10,0.20,0.31,0.10,0.31,Matches
270,Unai López\Unai-Lopez,es ESP,MF,Athletic Club,25-090,1995,12,6,660,7.3,2,0,0,0,4,0,0.27,0.00,0.27,0.27,0.27,0.7,0.7,0.5,0.09,0.07,0.16,0.09,0.16,Matches
271,Anthony Lozano\Anthony-Lozano,hn HON,FW,Cádiz,27-278,1993,16,11,880,9.8,3,1,0,0,4,0,0.31,0.10,0.41,0.31,0.41,3.8,3.8,0.7,0.39,0.07,0.46,0.39,0.46,Matches
272,Jeison Lucumí\Jeison-Lucumi,co COL,FW,Elche,25-295,1995,2,1,49,0.5,0,0,0,0,0,0,0.00,0.00,0.00,0.00,0.00,0.0,0.0,0.0,0.00,0.00,0.00,0.00,0.00,Matches
273,José Luis Gayà\Jose-Luis-Gaya,es ESP,DF,Valencia,25-248,1995,17,17,1484,16.5,0,4,0,0,2,0,0.00,0.24,0.24,0.00,0.24,0.8,0.8,1.8,0.05,0.11,0.16,0.05,0.16,Matches
274,José Luis Morales\Jose-Luis-Morales,es ESP,FWMF,Levante,33-189,1987,19,15,1243,13.8,7,3,0,0,1,0,0.51,0.22,0.72,0.51,0.72,3.9,3.9,2.5,0.28,0.18,0.47,0.28,0.47,Matches
275,Luisinho\Luisinho,pt POR,DF,Huesca,35-268,1985,5,2,179,2.0,0,0,0,0,1,0,0.00,0.00,0.00,0.00,0.00,0.0,0.0,0.0,0.01,0.00,0.01,0.01,0.01,Matches
276,Luismi\Luismi,es ESP,MFDF,Elche,28-268,1992,6,2,137,1.5,0,0,0,0,0,0,0.00,0.00,0.00,0.00,0.00,0.0,0.0,0.0,0.00,0.00,0.00,0.00,0.00,Matches
277,Darwin Machís\Darwin-Machis,ve VEN,FWMF,Granada,27-356,1993,17,13,1174,13.0,2,3,0,1,1,0,0.15,0.23,0.38,0.15,0.38,3.2,2.4,2.4,0.24,0.18,0.42,0.18,0.36,Matches
278,Pablo Maffeo\Pablo-Maffeo,es ESP,DF,Huesca,23-200,1997,11,11,870,9.7,1,0,0,0,2,0,0.10,0.00,0.10,0.10,0.10,0.4,0.4,0.1,0.04,0.01,0.06,0.04,0.06,Matches
279,Abdallahi Mahmoud\Abdallahi-Mahmoud,mr MTN,MF,Alavés,20-269,2000,1,1,45,0.5,0,0,0,0,0,0,0.00,0.00,0.00,0.00,0.00,0.0,0.0,0.0,0.00,0.00,0.00,0.00,0.00,Matches
280,Nemanja Maksimović\Nemanja-Maksimovic,rs SRB,MF,Getafe,26-002,1995,17,16,1277,14.2,1,0,0,0,3,0,0.07,0.00,0.07,0.07,0.07,1.3,1.3,0.3,0.09,0.02,0.11,0.09,0.11,Matches
281,Filip Malbašić\Filip-Malbasic,rs SRB,FWMF,Cádiz,28-071,1992,17,4,457,5.1,0,1,0,0,2,0,0.00,0.20,0.20,0.00,0.20,0.2,0.2,0.0,0.04,0.01,0.04,0.04,0.04,Matches
282,Hugo Mallo\Hugo-Mallo,es ESP,DF,Celta Vigo,29-220,1991,17,17,1530,17.0,1,0,0,0,4,0,0.06,0.00,0.06,0.06,0.06,0.9,0.9,1.6,0.05,0.10,0.15,0.05,0.15,Matches
283,Mickael Malsa\Mickael-Malsa,mq MTQ,MF,Levante,25-108,1995,18,15,1268,14.1,0,0,0,0,3,0,0.00,0.00,0.00,0.00,0.00,0.6,0.6,0.3,0.04,0.02,0.06,0.04,0.06,Matches
284,Aïssa Mandi\Aissa-Mandi,dz ALG,DF,Betis,29-098,1991,14,13,1132,12.6,3,0,0,0,5,2,0.24,0.00,0.24,0.24,0.24,1.5,1.5,0.1,0.12,0.01,0.13,0.12,0.13,Matches
285,Eliaquim Mangala\Eliaquim-Mangala,fr FRA,DF,Valencia,29-350,1991,5,4,313,3.5,0,0,0,0,1,0,0.00,0.00,0.00,0.00,0.00,0.5,0.5,0.0,0.15,0.00,0.15,0.15,0.15,Matches
286,Maranhão\Maranhao,br BRA,FW,Valladolid,24-100,1996,13,8,820,9.1,3,0,0,0,1,0,0.33,0.00,0.33,0.33,0.33,2.3,2.3,0.1,0.25,0.01,0.26,0.25,0.26,Matches
287,Marcelo\Marcelo,br BRA,DF,Real Madrid,32-261,1988,6,6,518,5.8,0,1,0,0,2,0,0.00,0.17,0.17,0.00,0.17,0.2,0.2,0.1,0.03,0.02,0.05,0.03,0.05,Matches
288,Iván Marcone\Ivan-Marcone,ar ARG,MF,Elche,30-239,1990,14,14,1178,13.1,0,0,0,0,5,1,0.00,0.00,0.00,0.00,0.00,0.0,0.0,0.2,0.00,0.02,0.02,0.00,0.02,Matches
289,Óscar de Marcos\Oscar-de-Marcos,es ESP,MFFW,Athletic Club,31-289,1989,9,6,552,6.1,1,1,0,0,0,0,0.16,0.16,0.33,0.16,0.33,0.5,0.5,1.3,0.08,0.20,0.29,0.08,0.29,Matches
290,José Mari\Jose-Mari,es ESP,MF,Cádiz,33-053,1987,8,7,500,5.6,0,0,0,0,1,0,0.00,0.00,0.00,0.00,0.00,0.1,0.1,0.2,0.02,0.04,0.06,0.02,0.06,Matches
291,José María Giménez\Jose-Maria-Gimenez,uy URU,DF,Atlético Madrid,26-008,1995,9,8,731,8.1,0,0,0,0,2,0,0.00,0.00,0.00,0.00,0.00,0.4,0.4,0.0,0.05,0.00,0.05,0.05,0.05,Matches
292,Mariano\Mariano,do DOM,FW,Real Madrid,27-180,1993,5,2,206,2.3,1,0,0,0,0,0,0.44,0.00,0.44,0.44,0.44,0.9,0.9,0.2,0.39,0.07,0.46,0.39,0.46,Matches
293,Adrián Marín\Adrian-Marin,es ESP,DFMF,Alavés,24-019,1997,4,1,85,0.9,0,0,0,0,0,0,0.00,0.00,0.00,0.00,0.00,0.1,0.1,0.5,0.07,0.56,0.64,0.07,0.64,Matches
294,Roger Martí\Roger-Marti,es ESP,FW,Levante,30-025,1991,17,13,1089,12.1,8,2,1,2,2,0,0.66,0.17,0.83,0.58,0.74,4.7,3.2,1.2,0.39,0.10,0.49,0.26,0.36,Matches
295,Aarón Martín\Aaron-Martin,es ESP,DF,Celta Vigo,23-281,1997,1,1,90,1.0,0,0,0,0,1,0,0.00,0.00,0.00,0.00,0.00,0.0,0.0,0.1,0.00,0.09,0.09,0.00,0.09,Matches
296,Iñigo Martínez\Inigo-Martinez,es ESP,DF,Athletic Club,29-256,1991,17,17,1530,17.0,0,0,0,0,6,0,0.00,0.00,0.00,0.00,0.00,0.5,0.5,0.6,0.03,0.04,0.06,0.03,0.06,Matches
297,Javi Martínez\Javi-Martinez,es ESP,MF,Osasuna,21-037,1999,5,2,178,2.0,0,0,0,0,0,0,0.00,0.00,0.00,0.00,0.00,0.0,0.0,0.0,0.00,0.02,0.02,0.00,0.02,Matches
298,Jordi Masip\Jordi-Masip,es ESP,GK,Valladolid,32-025,1989,14,14,1260,14.0,0,0,0,0,1,0,0.00,0.00,0.00,0.00,0.00,0.0,0.0,0.0,0.00,0.00,0.00,0.00,0.00,Matches
299,Jaime Mata\Jaime-Mata,es ESP,FW,Getafe,32-096,1988,17,12,968,10.8,3,0,1,2,7,0,0.28,0.00,0.28,0.19,0.19,4.3,2.8,0.6,0.40,0.06,0.46,0.26,0.32,Matches
300,Borja Mayoral\Borja-Mayoral,es ESP,FW,Real Madrid,23-298,1997,2,0,23,0.3,0,0,0,0,0,0,0.00,0.00,0.00,0.00,0.00,0.0,0.0,0.0,0.00,0.00,0.00,0.00,0.00,Matches
301,Gonzalo Melero\Gonzalo-Melero,es ESP,MFFW,Levante,27-026,1994,19,13,1131,12.6,4,1,0,0,1,0,0.32,0.08,0.40,0.32,0.40,2.1,2.1,1.3,0.17,0.11,0.27,0.17,0.27,Matches
302,Brais Méndez\Brais-Mendez,es ESP,MFFW,Celta Vigo,24-021,1997,17,13,1232,13.7,4,0,0,0,3,0,0.29,0.00,0.29,0.29,0.29,4.2,4.2,0.9,0.31,0.06,0.37,0.31,0.37,Matches
303,Édgar Méndez\Edgar-Mendez,es ESP,MFDF,Alavés,31-026,1990,18,15,1155,12.8,3,1,0,0,7,1,0.23,0.08,0.31,0.23,0.31,2.7,2.7,0.7,0.21,0.05,0.26,0.21,0.26,Matches
304,Eñaut Mendía\Enaut-Mendia,es ESP,FW,Eibar,21-217,1999,1,1,61,0.7,0,0,0,0,1,0,0.00,0.00,0.00,0.00,0.00,0.0,0.0,0.0,0.02,0.00,0.02,0.02,0.02,Matches
305,Ferland Mendy\Ferland-Mendy,fr FRA,DF,Real Madrid,25-234,1995,15,13,1231,13.7,0,0,0,0,2,0,0.00,0.00,0.00,0.00,0.00,0.3,0.3,1.5,0.02,0.11,0.13,0.02,0.13,Matches
306,Mikel Merino\Mikel-Merino,es ESP,MF,Real Sociedad,24-220,1996,19,18,1549,17.2,1,2,0,0,4,0,0.06,0.12,0.17,0.06,0.17,2.5,2.5,1.0,0.14,0.06,0.20,0.14,0.20,Matches
307,Martín Merquelanz\Martin-Merquelanz,es ESP,FWMF,Real Sociedad,25-230,1995,8,3,392,4.4,0,0,0,0,0,0,0.00,0.00,0.00,0.00,0.00,0.7,0.7,1.4,0.16,0.31,0.47,0.16,0.47,Matches
308,Roque Mesa\Roque-Mesa,es ESP,MF,Valladolid,31-235,1989,9,7,635,7.1,0,0,0,0,3,1,0.00,0.00,0.00,0.00,0.00,0.4,0.4,0.7,0.06,0.10,0.16,0.06,0.16,Matches
309,Lionel Messi\Lionel-Messi,ar ARG,FWMF,Barcelona,33-218,1987,17,16,1459,16.2,11,2,2,3,3,0,0.68,0.12,0.80,0.56,0.68,11.5,9.0,5.0,0.71,0.31,1.02,0.56,0.86,Matches
310,Omenuke Mfulu\Omenuke-Mfulu,cd COD,MF,Elche,26-314,1994,11,4,361,4.0,0,0,0,0,2,0,0.00,0.00,0.00,0.00,0.00,0.0,0.0,0.0,0.00,0.00,0.00,0.00,0.00,Matches
311,Míchel\Michel,es ESP,MF,Valladolid,32-183,1988,9,6,493,5.5,2,0,0,0,1,0,0.37,0.00,0.37,0.37,0.37,0.3,0.3,0.2,0.05,0.03,0.08,0.05,0.08,Matches
312,Éder Militão\Eder-Militao,br BRA,DF,Real Madrid,23-010,1998,3,2,225,2.5,0,0,0,0,2,0,0.00,0.00,0.00,0.00,0.00,0.3,0.3,0.0,0.11,0.00,0.11,0.11,0.11,Matches
313,Luis Milla\Luis-Milla,es ESP,MF,Granada,26-113,1994,16,14,1253,13.9,1,1,0,0,1,0,0.07,0.07,0.14,0.07,0.14,0.5,0.5,2.1,0.04,0.15,0.19,0.04,0.19,Matches
314,Pere Milla\Pere-Milla,es ESP,FWMF,Elche,28-127,1992,15,12,1080,12.0,1,1,0,0,3,0,0.08,0.08,0.17,0.08,0.17,2.8,2.8,0.6,0.24,0.05,0.29,0.24,0.29,Matches
315,Alejandro Millán\Alejandro-Millan,es ESP,FW,Villarreal,21-082,1999,1,0,2,0.0,0,0,0,0,0,0,0.00,0.00,0.00,0.00,0.00,0.0,0.0,0.0,0.00,0.00,0.00,0.00,0.00,Matches
316,Santi Mina\Santi-Mina,es ESP,FW,Celta Vigo,25-052,1995,17,12,1076,12.0,2,1,0,0,1,0,0.17,0.08,0.25,0.17,0.25,3.2,3.2,0.6,0.27,0.05,0.31,0.27,0.31,Matches
317,Óscar Mingueza\Oscar-Mingueza,es ESP,DF,Barcelona,21-260,1999,10,8,695,7.7,0,0,0,0,2,0,0.00,0.00,0.00,0.00,0.00,0.1,0.1,0.1,0.02,0.01,0.03,0.02,0.03,Matches
318,Rafa Mir\Rafa-Mir,es ESP,FW,Huesca,23-224,1997,20,14,1294,14.4,3,1,0,0,1,0,0.21,0.07,0.28,0.21,0.28,3.8,3.8,1.5,0.26,0.10,0.36,0.26,0.36,Matches
319,Jorge Miramón\Jorge-Miramon,es ESP,DF,Levante,31-240,1989,15,11,1003,11.1,0,1,0,0,1,0,0.00,0.09,0.09,0.00,0.09,0.6,0.6,0.8,0.05,0.07,0.12,0.05,0.12,Matches
320,Juan Miranda\Juan-Miranda,es ESP,DF,Betis,21-009,2000,10,7,700,7.8,1,1,0,0,2,0,0.13,0.13,0.26,0.13,0.26,0.4,0.4,0.4,0.05,0.06,0.10,0.05,0.10,Matches
321,Luka Modrić\Luka-Modric,hr CRO,MF,Real Madrid,35-141,1985,18,16,1360,15.1,3,2,0,0,2,0,0.20,0.13,0.33,0.20,0.33,1.3,1.3,2.5,0.09,0.16,0.25,0.09,0.25,Matches
322,Johan Mojica\Johan-Mojica,co COL,DF,Elche,28-160,1992,2,2,180,2.0,0,0,0,0,0,0,0.00,0.00,0.00,0.00,0.00,0.0,0.0,0.2,0.00,0.09,0.09,0.00,0.09,Matches
323,Guillem Molina Gutiérrez\Guillem-Molina-Gutierrez,es ESP,DF,Valencia,20-270,2000,1,0,74,0.8,0,0,0,0,1,0,0.00,0.00,0.00,0.00,0.00,0.0,0.0,0.0,0.00,0.00,0.00,0.00,0.00,Matches
324,Jorge Molina\Jorge-Molina,es ESP,FWMF,Granada,38-281,1982,16,7,618,6.9,3,0,0,0,0,0,0.44,0.00,0.44,0.44,0.44,1.8,1.8,0.7,0.26,0.10,0.36,0.26,0.36,Matches
325,Victor Mollejo\Victor-Mollejo,es ESP,MFDF,Getafe,20-007,2001,4,0,72,0.8,0,0,0,0,0,0,0.00,0.00,0.00,0.00,0.00,0.0,0.0,0.1,0.00,0.08,0.08,0.00,0.08,Matches
326,Jon Moncayola\Jon-Moncayola,es ESP,MF,Osasuna,22-260,1998,19,16,1461,16.2,1,0,0,0,3,1,0.06,0.00,0.06,0.06,0.06,0.6,0.6,0.4,0.04,0.02,0.06,0.04,0.06,Matches
327,Nacho Monreal\Nacho-Monreal,es ESP,DF,Real Sociedad,34-337,1986,11,9,820,9.1,1,0,0,0,0,0,0.11,0.00,0.11,0.11,0.11,0.4,0.4,0.3,0.04,0.03,0.08,0.04,0.08,Matches
328,Ángel Montoro\Angel-Montoro,es ESP,MF,Granada,32-217,1988,10,9,647,7.2,1,1,1,1,1,0,0.14,0.14,0.28,0.00,0.14,1.1,0.4,1.1,0.16,0.15,0.31,0.05,0.20,Matches
329,Martín Montoya\Martin-Montoya,es ESP,DF,Betis,29-289,1991,4,2,230,2.6,0,0,0,0,0,1,0.00,0.00,0.00,0.00,0.00,0.0,0.0,0.3,0.02,0.13,0.15,0.02,0.15,Matches
330,Emre Mor\Emre-Mor,tr TUR,FWMF,Celta Vigo,23-188,1997,11,6,500,5.6,0,0,0,0,2,0,0.00,0.00,0.00,0.00,0.00,0.3,0.3,0.2,0.06,0.03,0.10,0.06,0.10,Matches
331,Jon Morcillo\Jon-Morcillo,es ESP,FW,Athletic Club,22-135,1998,15,5,494,5.5,0,2,0,0,2,0,0.00,0.36,0.36,0.00,0.36,0.8,0.8,1.0,0.14,0.18,0.31,0.14,0.31,Matches
332,Álex Moreno\Alex-Moreno,es ESP,DF,Betis,27-234,1993,14,13,1118,12.4,0,1,0,0,2,0,0.00,0.08,0.08,0.00,0.08,0.2,0.2,1.1,0.02,0.09,0.11,0.02,0.11,Matches
333,Gerard Moreno\Gerard-Moreno,es ESP,FWMF,Villarreal,28-296,1992,16,16,1410,15.7,10,2,4,4,3,0,0.64,0.13,0.77,0.38,0.51,8.6,5.6,3.0,0.55,0.19,0.74,0.36,0.55,Matches
334,Tete Morente\Tete-Morente,es ESP,MFFW,Elche,24-055,1996,15,12,1084,12.0,2,2,0,0,4,0,0.17,0.17,0.33,0.17,0.33,1.5,1.5,0.7,0.13,0.05,0.18,0.13,0.18,Matches
335,Loren Morón\Loren-Moron,es ESP,FW,Betis,27-029,1993,14,5,586,6.5,1,0,0,0,1,0,0.15,0.00,0.15,0.15,0.15,1.5,1.5,0.3,0.24,0.05,0.29,0.24,0.29,Matches
336,Pedro Mosquera\Pedro-Mosquera,es ESP,MF,Huesca,32-282,1988,18,18,1607,17.9,0,0,0,0,1,0,0.00,0.00,0.00,0.00,0.00,0.3,0.3,0.6,0.02,0.03,0.05,0.02,0.05,Matches
337,Javi Moyano\Javi-Moyano,es ESP,DF,Valladolid,34-340,1986,2,2,103,1.1,0,0,0,0,0,0,0.00,0.00,0.00,0.00,0.00,0.0,0.0,0.0,0.00,0.00,0.00,0.00,0.00,Matches
338,Iker Muniain\Iker-Muniain,es ESP,MFFW,Athletic Club,28-040,1992,19,16,1314,14.6,4,2,0,0,1,0,0.27,0.14,0.41,0.27,0.41,3.1,3.1,1.2,0.21,0.08,0.29,0.21,0.29,Matches
339,Aihen Muñoz\Aihen-Munoz,es ESP,DF,Real Sociedad,23-165,1997,12,11,992,11.0,0,1,0,0,5,0,0.00,0.09,0.09,0.00,0.09,0.3,0.3,0.4,0.03,0.03,0.06,0.03,0.06,Matches
340,Joaquín Muñoz\Joaquin-Munoz,es ESP,FW,Huesca,21-324,1999,3,0,41,0.5,0,0,0,0,0,0,0.00,0.00,0.00,0.00,0.00,0.0,0.0,0.0,0.05,0.02,0.07,0.05,0.07,Matches
341,Jeison Murillo\Jeison-Murillo,co COL,DF,Celta Vigo,28-246,1992,18,18,1573,17.5,0,0,0,0,6,0,0.00,0.00,0.00,0.00,0.00,0.3,0.3,0.1,0.02,0.01,0.03,0.02,0.03,Matches
342,Yunus Musah\Yunus-Musah,us USA,MF,Valencia,18-060,2002,19,14,1150,12.8,1,0,0,0,1,0,0.08,0.00,0.08,0.08,0.08,0.5,0.5,0.7,0.04,0.06,0.09,0.04,0.09,Matches
343,Yoshinori Mutō\Yoshinori-Muto,jp JPN,FWMF,Eibar,28-197,1992,16,10,816,9.1,1,1,0,0,0,0,0.11,0.11,0.22,0.11,0.22,1.4,1.4,0.8,0.15,0.09,0.24,0.15,0.24,Matches
344,Nacho\Nacho,es ESP,DF,Real Madrid,31-010,1990,7,7,582,6.5,0,0,0,0,3,0,0.00,0.00,0.00,0.00,0.00,0.0,0.0,0.0,0.00,0.01,0.01,0.00,0.01,Matches
345,Nacho\Nacho,es ESP,DF,Valladolid,31-327,1989,16,16,1352,15.0,0,1,0,0,1,1,0.00,0.07,0.07,0.00,0.07,0.3,0.3,1.3,0.02,0.09,0.11,0.02,0.11,Matches
346,Nano\Nano,es ESP,FWMF,Cádiz,25-358,1995,1,0,9,0.1,0,0,0,0,0,0,0.00,0.00,0.00,0.00,0.00,0.0,0.0,0.0,0.00,0.00,0.00,0.00,0.00,Matches
347,Roberto Navarro\Roberto-Navarro,es ESP,MF,Real Sociedad,18-291,2002,1,0,35,0.4,0,0,0,0,0,0,0.00,0.00,0.00,0.00,0.00,0.0,0.0,0.0,0.00,0.07,0.07,0.00,0.07,Matches
348,Ximo Navarro\Ximo-Navarro,es ESP,DF,Alavés,31-005,1990,16,15,1240,13.8,1,1,0,0,2,0,0.07,0.07,0.15,0.07,0.15,0.3,0.3,0.8,0.02,0.06,0.08,0.02,0.08,Matches
349,Jesús Navas\Jesus-Navas,es ESP,DF,Sevilla,35-068,1985,18,18,1505,16.7,0,4,0,0,4,0,0.00,0.24,0.24,0.00,0.24,0.5,0.5,3.4,0.03,0.21,0.23,0.03,0.23,Matches
350,Raúl Navas\Raul-Navas,es ESP,DF,Osasuna,32-262,1988,2,2,168,1.9,0,0,0,0,0,0,0.00,0.00,0.00,0.00,0.00,0.0,0.0,0.0,0.00,0.01,0.01,0.00,0.01,Matches
351,Álvaro Negredo\Alvaro-Negredo,es ESP,FW,Cádiz,35-161,1985,17,15,1193,13.3,4,3,0,0,3,1,0.30,0.23,0.53,0.30,0.53,4.3,4.3,1.8,0.33,0.14,0.46,0.33,0.46,Matches
352,Neto\Neto,br BRA,GK,Barcelona,31-193,1989,6,6,540,6.0,0,0,0,0,0,0,0.00,0.00,0.00,0.00,0.00,0.0,0.0,0.0,0.00,0.00,0.00,0.00,0.00,Matches
353,Carlos Neva\Carlos-Neva,es ESP,DF,Granada,24-230,1996,18,18,1536,17.1,0,0,0,0,1,0,0.00,0.00,0.00,0.00,0.00,0.5,0.5,0.1,0.03,0.00,0.03,0.03,0.03,Matches
354,Mamor Niang\Mamor-Niang,sn SEN,FWMF,Getafe,18-359,2002,1,0,22,0.2,0,0,0,0,0,0,0.00,0.00,0.00,0.00,0.00,0.1,0.1,0.0,0.31,0.00,0.31,0.31,0.31,Matches
355,Manuel Nieto\Manuel-Nieto,es ESP,FW,Cádiz,22-305,1998,1,0,10,0.1,0,0,0,0,0,0,0.00,0.00,0.00,0.00,0.00,0.3,0.3,0.0,2.42,0.00,2.42,2.42,2.42,Matches
356,Saúl Ñíguez\Saul-Niguez,es ESP,MFDF,Atlético Madrid,26-068,1994,14,8,795,8.8,1,0,0,1,3,0,0.11,0.00,0.11,0.11,0.11,1.5,0.6,0.2,0.17,0.03,0.19,0.06,0.09,Matches
357,Nino\Nino,es ESP,MFFW,Elche,40-232,1980,9,0,192,2.1,0,0,0,0,1,0,0.00,0.00,0.00,0.00,0.00,0.3,0.3,0.8,0.15,0.36,0.51,0.15,0.51,Matches
358,Fernando Niño\Fernando-Nino,es ESP,FW,Villarreal,20-096,2000,10,7,456,5.1,3,0,0,0,1,0,0.59,0.00,0.59,0.59,0.59,4.1,4.1,0.1,0.80,0.03,0.83,0.80,0.83,Matches
359,Nolito\Nolito,es ESP,MFFW,Celta Vigo,34-105,1986,19,18,1398,15.5,4,1,0,0,3,0,0.26,0.06,0.32,0.26,0.32,4.5,4.5,3.9,0.29,0.25,0.54,0.29,0.54,Matches
360,Unai Núñez\Unai-Nunez,es ESP,DF,Athletic Club,23-364,1997,10,9,817,9.1,1,0,0,0,4,0,0.11,0.00,0.11,0.11,0.11,0.4,0.4,0.1,0.04,0.01,0.05,0.04,0.05,Matches
361,Kelechi Nwakali\Kelechi-Nwakali,ng NGA,MFFW,Huesca,22-237,1998,5,1,141,1.6,0,0,0,0,1,0,0.00,0.00,0.00,0.00,0.00,0.0,0.0,0.0,0.00,0.01,0.01,0.00,0.01,Matches
362,Allan Nyom\Allan-Nyom,cm CMR,MFDF,Getafe,32-263,1988,18,16,1278,14.2,0,2,0,0,6,0,0.00,0.14,0.14,0.00,0.14,0.4,0.4,1.6,0.03,0.11,0.14,0.03,0.14,Matches
363,Jan Oblak\Jan-Oblak,si SVN,GK,Atlético Madrid,28-021,1993,18,18,1620,18.0,0,0,0,0,0,0,0.00,0.00,0.00,0.00,0.00,0.0,0.0,0.0,0.00,0.00,0.00,0.00,0.00,Matches
364,Lucas Ocampos\Lucas-Ocampos,ar ARG,FW,Sevilla,26-201,1994,19,17,1501,16.7,3,4,3,3,2,0,0.18,0.24,0.42,0.00,0.24,5.6,3.3,2.8,0.33,0.17,0.50,0.20,0.36,Matches
365,Álvaro Odriozola\Alvaro-Odriozola,es ESP,DF,Real Madrid,25-045,1995,2,1,70,0.8,0,0,0,0,0,0,0.00,0.00,0.00,0.00,0.00,0.0,0.0,0.0,0.00,0.00,0.00,0.00,0.00,Matches
366,Shinji Okazaki\Shinji-Okazaki,jp JPN,FWMF,Huesca,34-287,1986,16,10,842,9.4,1,0,0,0,1,0,0.11,0.00,0.11,0.11,0.11,1.6,1.6,0.1,0.17,0.01,0.18,0.17,0.18,Matches
367,Lucas Olaza\Lucas-Olaza,uy URU,DF,Celta Vigo,26-191,1994,18,18,1615,17.9,0,2,0,0,4,0,0.00,0.11,0.11,0.00,0.11,0.4,0.4,2.2,0.02,0.12,0.14,0.02,0.14,Matches
368,Paulo Oliveira\Paulo-Oliveira,pt POR,DF,Eibar,29-020,1992,14,13,1188,13.2,0,1,0,0,0,0,0.00,0.08,0.08,0.00,0.08,0.2,0.2,0.0,0.01,0.00,0.01,0.01,0.01,Matches
369,Mathías Olivera\Mathias-Olivera,uy URU,DF,Getafe,23-089,1997,15,15,1286,14.3,0,0,0,0,5,0,0.00,0.00,0.00,0.00,0.00,0.9,0.9,1.1,0.06,0.08,0.14,0.06,0.14,Matches
370,Javier Ontiveros\Javier-Ontiveros,es ESP,FWMF,Huesca,23-141,1997,17,10,873,9.7,2,1,1,1,5,0,0.21,0.10,0.31,0.10,0.21,1.8,1.1,1.6,0.19,0.17,0.36,0.11,0.28,Matches
371,Fabián Orellana\Fabian-Orellana,cl CHI,MFFW,Valladolid,35-001,1986,17,15,1166,13.0,2,1,2,2,2,0,0.15,0.08,0.23,0.00,0.08,2.3,0.7,1.8,0.18,0.14,0.31,0.06,0.20,Matches
372,Mikel Oyarzabal\Mikel-Oyarzabal,es ESP,FWMF,Real Sociedad,23-282,1997,15,13,993,11.0,8,4,5,5,1,0,0.73,0.36,1.09,0.27,0.63,7.4,3.5,2.7,0.67,0.24,0.91,0.32,0.56,Matches
373,Fernando Pacheco\Fernando-Pacheco,es ESP,GK,Alavés,28-255,1992,20,20,1800,20.0,0,0,0,0,1,0,0.00,0.00,0.00,0.00,0.00,0.0,0.0,0.1,0.00,0.00,0.00,0.00,0.00,Matches
374,Ante Palaversa\Ante-Palaversa,hr CRO,MFFW,Getafe,20-297,2000,2,0,9,0.1,0,0,0,0,0,0,0.00,0.00,0.00,0.00,0.00,0.0,0.0,0.1,0.00,0.57,0.57,0.00,0.57,Matches
375,Daniel Parejo\Daniel-Parejo,es ESP,MF,Villarreal,31-287,1989,18,18,1601,17.8,2,2,0,0,2,0,0.11,0.11,0.22,0.11,0.22,1.0,1.0,2.6,0.06,0.15,0.21,0.06,0.21,Matches
376,Marvin Olawale Akinlabi Park\Marvin-Olawale-Akinlabi-Park,es ESP,FW,Real Madrid,20-209,2000,1,0,21,0.2,0,0,0,0,0,0,0.00,0.00,0.00,0.00,0.00,0.0,0.0,0.0,0.00,0.00,0.00,0.00,0.00,Matches
377,Thomas Partey\Thomas-Partey,gh GHA,MF,Atlético Madrid,27-229,1993,3,2,200,2.2,0,0,0,0,1,0,0.00,0.00,0.00,0.00,0.00,0.1,0.1,0.0,0.05,0.00,0.05,0.05,0.05,Matches
378,John Patrick\John-Patrick,es ESP,MFDF,Getafe,17-126,2003,6,0,65,0.7,0,0,0,0,0,0,0.00,0.00,0.00,0.00,0.00,0.1,0.1,0.0,0.18,0.00,0.18,0.18,0.18,Matches
379,Gabriel Paulista\Gabriel-Paulista,br BRA,DF,Valencia,30-063,1990,14,14,1186,13.2,1,1,0,0,3,0,0.08,0.08,0.15,0.08,0.15,0.5,0.5,0.0,0.03,0.00,0.04,0.03,0.04,Matches
380,Alfonso Pedraza\Alfonso-Pedraza,es ESP,DF,Villarreal,24-294,1996,15,14,1162,12.9,0,2,0,0,5,0,0.00,0.15,0.15,0.00,0.15,0.7,0.7,2.2,0.06,0.17,0.22,0.06,0.22,Matches
381,Pedri\Pedri,es ESP,MF,Barcelona,18-064,2002,19,13,1189,13.2,2,2,0,0,1,0,0.15,0.15,0.30,0.15,0.30,2.2,2.2,3.9,0.17,0.29,0.46,0.17,0.46,Matches
382,Rubén Peña\Ruben-Pena,es ESP,DFFW,Villarreal,29-194,1991,10,6,607,6.7,1,0,0,0,0,0,0.15,0.00,0.15,0.15,0.15,0.4,0.4,0.2,0.06,0.03,0.09,0.06,0.09,Matches
383,Alberto Perea\Alberto-Perea,es ESP,MF,Cádiz,30-040,1990,14,7,754,8.4,1,1,0,0,0,0,0.12,0.12,0.24,0.12,0.24,1.0,1.0,1.4,0.11,0.16,0.28,0.11,0.28,Matches
384,Iñigo Pérez\Inigo-Perez,es ESP,MFDF,Osasuna,33-010,1988,17,13,1103,12.3,0,0,0,0,4,1,0.00,0.00,0.00,0.00,0.00,0.2,0.2,0.6,0.02,0.05,0.07,0.02,0.07,Matches
385,Kike Pérez\Kike-Perez,es ESP,MFFW,Valladolid,23-349,1997,16,7,706,7.8,0,0,0,0,1,0,0.00,0.00,0.00,0.00,0.00,0.5,0.5,0.6,0.06,0.07,0.13,0.06,0.13,Matches
386,Lucas Pérez\Lucas-Perez,es ESP,FW,Alavés,32-140,1988,15,10,949,10.5,4,3,3,4,0,0,0.38,0.28,0.66,0.09,0.38,5.1,2.1,2.6,0.48,0.25,0.73,0.20,0.44,Matches
387,Luis Pérez\Luis-Perez,es ESP,DF,Valladolid,25-359,1995,11,8,767,8.5,0,0,0,0,1,0,0.00,0.00,0.00,0.00,0.00,0.1,0.1,0.2,0.01,0.02,0.03,0.01,0.03,Matches
388,Nehuén Pérez\Nehuen-Perez,ar ARG,DF,Granada,20-218,2000,4,2,214,2.4,0,0,0,0,0,0,0.00,0.00,0.00,0.00,0.00,0.1,0.1,0.0,0.05,0.00,0.05,0.05,0.05,Matches
389,Tomás Pina Isla\Tomas-Pina-Isla,es ESP,MF,Alavés,33-106,1987,16,15,1242,13.8,1,0,0,0,6,0,0.07,0.00,0.07,0.07,0.07,0.4,0.4,0.2,0.03,0.01,0.04,0.03,0.04,Matches
390,Yeremi Pino\Yeremi-Pino,es ESP,FWMF,Villarreal,18-100,2002,12,2,353,3.9,1,1,0,0,3,0,0.25,0.25,0.51,0.25,0.51,0.4,0.4,0.6,0.10,0.16,0.26,0.10,0.26,Matches
391,Gerard Piqué\Gerard-Pique,es ESP,DF,Barcelona,33-361,1987,8,8,691,7.7,0,0,0,0,2,0,0.00,0.00,0.00,0.00,0.00,0.4,0.4,0.2,0.05,0.02,0.07,0.05,0.07,Matches
392,Miralem Pjanić\Miralem-Pjanic,ba BIH,MF,Barcelona,30-301,1990,12,3,393,4.4,0,0,0,0,1,0,0.00,0.00,0.00,0.00,0.00,0.9,0.9,0.4,0.21,0.09,0.30,0.21,0.30,Matches
393,Óscar Plano\Oscar-Plano,es ESP,MFFW,Valladolid,29-352,1991,20,15,1270,14.1,2,4,0,0,0,0,0.14,0.28,0.43,0.14,0.43,1.6,1.6,1.1,0.11,0.08,0.19,0.11,0.19,Matches
394,Dani Plomer\Dani-Plomer,es ESP,FW,Granada,,,1,0,45,0.5,0,0,0,0,0,0,0.00,0.00,0.00,0.00,0.00,0.0,0.0,0.0,0.00,0.00,0.00,0.00,0.00,Matches
395,Jorge Pombo\Jorge-Pombo,es ESP,FWMF,Cádiz,26-341,1994,7,4,417,4.6,1,0,0,0,1,0,0.22,0.00,0.22,0.22,0.22,1.2,1.2,0.4,0.25,0.08,0.33,0.25,0.33,Matches
396,Pere Pons\Pere-Pons,es ESP,MF,Alavés,27-343,1993,8,6,574,6.4,0,0,0,0,1,0,0.00,0.00,0.00,0.00,0.00,0.0,0.0,0.6,0.01,0.10,0.10,0.01,0.10,Matches
397,Francisco Portillo\Francisco-Portillo,es ESP,MF,Getafe,30-229,1990,9,2,288,3.2,0,1,0,0,0,0,0.00,0.31,0.31,0.00,0.31,0.0,0.0,0.4,0.00,0.13,0.13,0.00,0.13,Matches
398,Portu\Portu,es ESP,MFFW,Real Sociedad,28-252,1992,20,14,1258,14.0,5,3,0,0,0,0,0.36,0.21,0.57,0.36,0.57,3.1,3.1,4.4,0.23,0.32,0.54,0.23,0.54,Matches
399,Sergio Postigo\Sergio-Postigo,es ESP,DF,Levante,32-085,1988,14,12,1019,11.3,0,0,0,0,2,0,0.00,0.00,0.00,0.00,0.00,0.0,0.0,0.0,0.00,0.00,0.00,0.00,0.00,Matches
400,Alejandro Pozo Pozo\Alejandro-Pozo-Pozo,es ESP,DFMF,Eibar,21-341,1999,15,13,1212,13.5,0,0,0,0,1,0,0.00,0.00,0.00,0.00,0.00,0.1,0.1,0.3,0.01,0.02,0.03,0.01,0.03,Matches
401,Antonio Puertas\Antonio-Puertas,es ESP,FWMF,Granada,28-342,1992,18,11,1036,11.5,0,1,0,0,4,0,0.00,0.09,0.09,0.00,0.09,2.0,2.0,0.5,0.18,0.04,0.22,0.18,0.22,Matches
402,Riqui Puig\Riqui-Puig,es ESP,MFDF,Barcelona,21-168,1999,4,0,28,0.3,1,0,0,0,0,0,3.21,0.00,3.21,3.21,3.21,0.1,0.1,0.0,0.46,0.00,0.46,0.46,0.46,Matches
403,Jorge Pulido\Jorge-Pulido,es ESP,DF,Huesca,29-295,1991,16,15,1365,15.2,0,0,0,0,4,1,0.00,0.00,0.00,0.00,0.00,1.2,1.2,0.4,0.08,0.02,0.10,0.08,0.10,Matches
404,Quini\Quini,es ESP,DF,Granada,31-126,1989,7,1,201,2.2,0,0,0,0,0,0,0.00,0.00,0.00,0.00,0.00,0.0,0.0,0.3,0.01,0.13,0.13,0.01,0.13,Matches
405,Quique\Quique,es ESP,FW,Eibar,30-257,1990,6,0,85,0.9,0,0,0,0,0,0,0.00,0.00,0.00,0.00,0.00,0.1,0.1,0.0,0.10,0.00,0.10,0.10,0.10,Matches
406,Uroš Račić\Uros-Racic,rs SRB,MF,Valencia,22-317,1998,14,10,920,10.2,1,0,0,0,3,0,0.10,0.00,0.10,0.10,0.10,0.6,0.6,0.2,0.05,0.02,0.07,0.05,0.07,Matches
407,Nemanja Radoja\Nemanja-Radoja,rs SRB,MF,Levante,27-357,1993,15,7,709,7.9,0,2,0,0,1,0,0.00,0.25,0.25,0.00,0.25,0.3,0.3,0.3,0.03,0.04,0.07,0.03,0.07,Matches
408,Ivan Rakitić\Ivan-Rakitic,hr CRO,MF,Sevilla,32-324,1988,19,15,1302,14.5,1,1,0,0,4,0,0.07,0.07,0.14,0.07,0.14,2.2,2.2,0.8,0.15,0.06,0.21,0.15,0.21,Matches
409,Sandro Ramírez\Sandro-Ramirez,es ESP,FWMF,Huesca,25-203,1995,8,6,487,5.4,2,1,0,0,1,0,0.37,0.18,0.55,0.37,0.55,1.2,1.2,0.1,0.22,0.02,0.23,0.22,0.23,Matches
410,Sergio Ramos\Sergio-Ramos,es ESP,DF,Real Madrid,34-304,1986,14,14,1215,13.5,2,0,2,2,3,0,0.15,0.00,0.15,0.00,0.00,3.8,2.3,0.2,0.28,0.02,0.30,0.17,0.18,Matches
411,Recio\Recio,es ESP,MFFW,Eibar,30-017,1991,9,4,295,3.3,0,0,0,0,3,0,0.00,0.00,0.00,0.00,0.00,0.2,0.2,0.1,0.06,0.02,0.08,0.06,0.08,Matches
412,Karim Rekik\Karim-Rekik,nl NED,DF,Sevilla,26-057,1994,1,1,63,0.7,0,0,0,0,1,0,0.00,0.00,0.00,0.00,0.00,0.0,0.0,0.1,0.03,0.17,0.19,0.03,0.19,Matches
413,Álex Remiro\Alex-Remiro,es ESP,GK,Real Sociedad,25-310,1995,20,20,1800,20.0,0,0,0,0,0,0,0.00,0.00,0.00,0.00,0.00,0.0,0.0,0.0,0.00,0.00,0.00,0.00,0.00,Matches
414,Mikel Rico\Mikel-Rico,es ESP,MF,Huesca,36-085,1984,15,14,1107,12.3,1,0,0,0,0,0,0.08,0.00,0.08,0.08,0.08,1.8,1.8,0.5,0.15,0.04,0.19,0.15,0.19,Matches
415,Emiliano Rigoni\Emiliano-Rigoni,ar ARG,MFFW,Elche,27-359,1993,12,6,638,7.1,0,1,0,0,2,0,0.00,0.14,0.14,0.00,0.14,1.0,1.0,1.4,0.14,0.20,0.34,0.14,0.34,Matches
416,Luis Rioja\Luis-Rioja,es ESP,MFDF,Alavés,27-104,1993,18,15,1221,13.6,1,1,0,0,3,0,0.07,0.07,0.15,0.07,0.15,1.6,1.6,1.6,0.12,0.12,0.23,0.12,0.23,Matches
417,Rober\Rober,es ESP,DF,Levante,25-347,1995,5,3,312,3.5,0,1,0,0,2,1,0.00,0.29,0.29,0.00,0.29,0.0,0.0,0.0,0.00,0.00,0.00,0.00,0.00,Matches
418,Roberto\Roberto,es ESP,GK,Valladolid,34-353,1986,6,6,540,6.0,0,0,0,0,0,0,0.00,0.00,0.00,0.00,0.00,0.0,0.0,0.0,0.00,0.00,0.00,0.00,0.00,Matches
419,Sergi Roberto\Sergi-Roberto,es ESP,DF,Barcelona,28-356,1992,7,7,626,7.0,1,2,0,0,1,0,0.14,0.29,0.43,0.14,0.43,0.4,0.4,1.6,0.06,0.23,0.30,0.06,0.30,Matches
420,Joel Robles\Joel-Robles,es ESP,GK,Betis,30-225,1990,11,11,990,11.0,0,0,0,0,1,0,0.00,0.00,0.00,0.00,0.00,0.0,0.0,0.0,0.00,0.00,0.00,0.00,0.00,Matches
421,Rubén Rochina\Ruben-Rochina,es ESP,MF,Levante,29-311,1991,12,9,701,7.8,0,0,0,0,2,0,0.00,0.00,0.00,0.00,0.00,1.0,1.0,1.0,0.13,0.12,0.26,0.13,0.26,Matches
422,Rodrigo\Rodrigo,es ESP,FWMF,Betis,20-257,2000,8,2,276,3.1,0,0,0,0,0,0,0.00,0.00,0.00,0.00,0.00,0.1,0.1,0.4,0.03,0.14,0.17,0.03,0.17,Matches
423,Kévin Rodrigues\Kevin-Rodrigues,pt POR,DFMF,Eibar,26-329,1994,12,8,768,8.5,1,1,0,0,1,0,0.12,0.12,0.23,0.12,0.23,0.3,0.3,0.3,0.03,0.03,0.07,0.03,0.07,Matches
424,Óscar Rodríguez Arnaiz\Oscar-Rodriguez-Arnaiz,es ESP,MFFW,Sevilla,22-214,1998,11,2,260,2.9,0,0,0,0,0,0,0.00,0.00,0.00,0.00,0.00,0.3,0.3,0.3,0.11,0.12,0.23,0.11,0.23,Matches
425,Ángel Rodríguez\Angel-Rodriguez,es ESP,FW,Getafe,33-277,1987,18,7,903,10.0,5,0,1,1,3,0,0.50,0.00,0.50,0.40,0.40,3.0,2.3,0.5,0.30,0.05,0.36,0.23,0.28,Matches
426,Guido Rodríguez\Guido-Rodriguez,ar ARG,MF,Betis,26-291,1994,18,18,1464,16.3,1,0,0,0,6,0,0.06,0.00,0.06,0.06,0.06,0.9,0.9,0.5,0.05,0.03,0.08,0.05,0.08,Matches
427,Miguel Rodríguez\Miguel-Rodriguez,es ESP,FWMF,Celta Vigo,17-274,2003,4,0,30,0.3,0,0,0,0,2,0,0.00,0.00,0.00,0.00,0.00,0.0,0.0,0.0,0.00,0.00,0.00,0.00,0.00,Matches
428,Víctor Rodríguez\Victor-Rodriguez,es ESP,MF,Elche,31-189,1989,8,2,298,3.3,0,0,0,0,0,0,0.00,0.00,0.00,0.00,0.00,0.0,0.0,0.4,0.00,0.13,0.13,0.00,0.13,Matches
429,Rodrygo\Rodrygo,br BRA,FW,Real Madrid,20-019,2001,11,4,423,4.7,0,4,0,0,0,0,0.00,0.85,0.85,0.00,0.85,1.0,1.0,2.1,0.22,0.46,0.68,0.22,0.68,Matches
430,Facundo Roncaglia\Facundo-Roncaglia,ar ARG,DF,Osasuna,33-353,1987,15,13,1126,12.5,1,1,0,0,3,1,0.08,0.08,0.16,0.08,0.16,0.3,0.3,0.1,0.03,0.01,0.04,0.03,0.04,Matches
431,Rubén\Ruben,es ESP,GKMF,Osasuna,36-220,1984,3,3,187,2.1,0,0,0,0,0,1,0.00,0.00,0.00,0.00,0.00,0.0,0.0,0.0,0.00,0.00,0.00,0.00,0.00,Matches
432,Waldo Rubio\Waldo-Rubio,es ESP,FW,Valladolid,25-164,1995,7,5,345,3.8,1,0,1,1,1,0,0.26,0.00,0.26,0.00,0.00,1.0,0.3,0.0,0.27,0.00,0.27,0.07,0.07,Matches
433,Aitor Ruibal\Aitor-Ruibal,es ESP,FWMF,Betis,24-312,1996,13,9,736,8.2,1,1,0,0,0,0,0.12,0.12,0.24,0.12,0.24,0.6,0.6,1.5,0.07,0.19,0.26,0.07,0.26,Matches
434,Ismael Ruiz\Ismael-Ruiz,es ESP,MF,Granada,19-349,2001,1,1,67,0.7,0,0,0,0,0,0,0.00,0.00,0.00,0.00,0.00,0.0,0.0,0.0,0.00,0.00,0.00,0.00,0.00,Matches
435,Víctor Ruiz\Victor-Ruiz,es ESP,DF,Betis,32-003,1989,13,10,955,10.6,0,0,0,0,3,0,0.00,0.00,0.00,0.00,0.00,0.0,0.0,0.0,0.00,0.00,0.00,0.00,0.00,Matches
436,Modibo Sagnan\Modibo-Sagnan,ml MLI,DF,Real Sociedad,21-289,1999,10,6,488,5.4,0,0,0,0,2,0,0.00,0.00,0.00,0.00,0.00,0.4,0.4,0.2,0.08,0.03,0.11,0.08,0.11,Matches
437,Borja Sainz\Borja-Sainz,es ESP,MFFW,Alavés,19-362,2001,15,2,361,4.0,1,0,0,0,1,0,0.25,0.00,0.25,0.25,0.25,1.1,1.1,0.4,0.27,0.09,0.36,0.27,0.36,Matches
438,Salvi\Salvi,es ESP,MFFW,Cádiz,29-304,1991,15,13,1008,11.2,2,0,0,0,2,0,0.18,0.00,0.18,0.18,0.18,1.6,1.6,0.6,0.14,0.05,0.20,0.14,0.20,Matches
439,Fede San Emeterio\Fede-San-Emeterio,es ESP,MF,Valladolid,23-318,1997,15,13,1053,11.7,0,0,0,0,4,0,0.00,0.00,0.00,0.00,0.00,0.1,0.1,0.1,0.01,0.01,0.01,0.01,0.01,Matches
440,Antonio Sanabria\Antonio-Sanabria,py PAR,FW,Betis,24-330,1996,16,10,932,10.4,3,0,0,0,2,0,0.29,0.00,0.29,0.29,0.29,4.3,4.3,0.3,0.41,0.02,0.44,0.41,0.44,Matches
441,Oihan Sancet\Oihan-Sancet,es ESP,MFFW,Athletic Club,20-278,2000,13,1,266,3.0,1,0,0,0,0,0,0.34,0.00,0.34,0.34,0.34,0.5,0.5,0.4,0.16,0.15,0.31,0.16,0.31,Matches
442,Juan Sánchez Miño\Juan-Sanchez-Mino,ar ARG,DFMF,Elche,31-027,1990,9,5,495,5.5,0,0,0,0,2,0,0.00,0.00,0.00,0.00,0.00,0.0,0.0,0.0,0.00,0.00,0.00,0.00,0.00,Matches
443,Germán Sánchez\German-Sanchez,es ESP,DF,Granada,34-089,1986,18,15,1371,15.2,2,1,0,0,7,0,0.13,0.07,0.20,0.13,0.20,1.0,1.0,0.1,0.07,0.00,0.07,0.07,0.07,Matches
444,Javi Sánchez\Javi-Sanchez,es ESP,DF,Valladolid,23-320,1997,11,6,574,6.4,0,0,0,0,2,0,0.00,0.00,0.00,0.00,0.00,0.1,0.1,0.0,0.02,0.00,0.02,0.02,0.02,Matches
445,José Sánchez\Jose-Sanchez,es ESP,DF,Granada,20-332,2000,2,2,163,1.8,0,0,0,0,0,0,0.00,0.00,0.00,0.00,0.00,0.0,0.0,0.0,0.02,0.00,0.02,0.02,0.02,Matches
446,Manuel Sánchez\Manuel-Sanchez,es ESP,DFMF,Osasuna,20-157,2000,2,1,61,0.7,0,0,0,0,2,0,0.00,0.00,0.00,0.00,0.00,0.1,0.1,0.1,0.08,0.13,0.21,0.08,0.21,Matches
447,Manuel Sánchez\Manuel-Sanchez,es ESP,DF,Atlético Madrid,20-157,2000,1,1,49,0.5,0,1,0,0,0,0,0.00,1.84,1.84,0.00,1.84,0.0,0.0,0.3,0.00,0.61,0.61,0.00,0.61,Matches
448,Oier Sanjurjo\Oier-Sanjurjo,es ESP,MF,Osasuna,34-248,1986,19,15,1399,15.5,0,2,0,0,6,0,0.00,0.13,0.13,0.00,0.13,0.5,0.5,1.2,0.03,0.08,0.11,0.03,0.11,Matches
449,Stefan Savić\Stefan-Savic,me MNE,DF,Atlético Madrid,30-020,1991,16,16,1440,16.0,0,0,0,0,8,0,0.00,0.00,0.00,0.00,0.00,0.2,0.2,0.2,0.01,0.01,0.02,0.01,0.02,Matches
450,Jaime Seoane\Jaime-Seoane,es ESP,MF,Huesca,24-006,1997,13,8,750,8.3,1,0,0,0,2,0,0.12,0.00,0.12,0.12,0.12,0.8,0.8,0.5,0.09,0.06,0.15,0.09,0.15,Matches
451,Edgar Sevikyan\Edgar-Sevikyan,ru RUS,MF,Levante,19-173,2001,1,0,8,0.1,0,0,0,0,0,0,0.00,0.00,0.00,0.00,0.00,0.0,0.0,0.0,0.00,0.00,0.00,0.00,0.00,Matches
452,Sidnei\Sidnei,br BRA,DF,Betis,31-158,1989,7,5,459,5.1,0,0,0,0,1,0,0.00,0.00,0.00,0.00,0.00,0.2,0.2,0.0,0.03,0.00,0.03,0.03,0.03,Matches
453,David Silva\David-Silva,es ESP,MF,Real Sociedad,35-020,1986,11,9,766,8.5,1,2,0,0,4,0,0.12,0.23,0.35,0.12,0.35,0.8,0.8,1.6,0.09,0.19,0.28,0.09,0.28,Matches
454,Gastón Silva\Gaston-Silva,uy URU,DF,Huesca,26-329,1994,5,2,219,2.4,0,0,0,0,0,0,0.00,0.00,0.00,0.00,0.00,0.0,0.0,0.0,0.00,0.01,0.01,0.00,0.01,Matches
455,Rui Silva\Rui-Silva,pt POR,GK,Granada,26-356,1994,19,19,1710,19.0,0,0,0,0,0,0,0.00,0.00,0.00,0.00,0.00,0.0,0.0,0.0,0.00,0.00,0.00,0.00,0.00,Matches
456,Unai Simón\Unai-Simon,es ESP,GK,Athletic Club,23-231,1997,19,19,1710,19.0,0,0,0,0,1,0,0.00,0.00,0.00,0.00,0.00,0.0,0.0,0.1,0.00,0.00,0.00,0.00,0.00,Matches
457,Dimitris Siovas\Dimitris-Siovas,gr GRE,DF,Huesca,32-134,1988,19,19,1710,19.0,1,0,0,0,2,0,0.05,0.00,0.05,0.05,0.05,0.7,0.7,0.0,0.04,0.00,0.04,0.04,0.04,Matches
458,Rafa Soares\Rafa-Soares,pt POR,DF,Eibar,25-264,1995,8,6,530,5.9,0,0,0,0,1,0,0.00,0.00,0.00,0.00,0.00,0.0,0.0,0.1,0.01,0.03,0.03,0.01,0.03,Matches
459,Rubén Sobrino\Ruben-Sobrino,es ESP,MFFW,Valencia,28-241,1992,5,0,49,0.5,0,0,0,0,0,0,0.00,0.00,0.00,0.00,0.00,0.0,0.0,0.0,0.00,0.05,0.05,0.00,0.05,Matches
460,Roberto Soldado\Roberto-Soldado,es ESP,FW,Granada,35-246,1985,17,11,912,10.1,4,0,1,1,3,0,0.39,0.00,0.39,0.30,0.30,2.8,2.1,0.5,0.28,0.05,0.33,0.20,0.26,Matches
461,Carlos Soler\Carlos-Soler,es ESP,MF,Valencia,24-026,1997,16,15,1360,15.1,6,4,5,5,3,0,0.40,0.26,0.66,0.07,0.33,4.4,0.6,2.4,0.29,0.16,0.45,0.04,0.20,Matches
462,Son\Son,es ESP,DFMF,Levante,26-304,1994,14,5,562,6.2,0,0,0,0,1,0,0.00,0.00,0.00,0.00,0.00,0.1,0.1,0.4,0.01,0.06,0.07,0.01,0.07,Matches
463,David Soria\David-Soria,es ESP,GK,Getafe,27-299,1993,12,12,1080,12.0,0,0,0,0,0,0,0.00,0.00,0.00,0.00,0.00,0.0,0.0,0.1,0.00,0.00,0.00,0.00,0.00,Matches
464,Alberto Soro\Alberto-Soro,es ESP,FWMF,Granada,21-325,1999,9,0,174,1.9,0,1,0,0,0,0,0.00,0.52,0.52,0.00,0.52,0.0,0.0,0.2,0.00,0.08,0.08,0.00,0.08,Matches
465,Damián Suárez\Damian-Suarez,uy URU,DF,Getafe,32-276,1988,15,15,1323,14.7,1,0,0,0,9,1,0.07,0.00,0.07,0.07,0.07,0.2,0.2,0.2,0.01,0.01,0.03,0.01,0.03,Matches
466,Denis Suárez\Denis-Suarez,es ESP,MF,Celta Vigo,27-022,1994,18,17,1423,15.8,0,3,0,0,5,0,0.00,0.19,0.19,0.00,0.19,0.6,0.6,2.4,0.04,0.15,0.19,0.04,0.19,Matches
467,Luis Suárez\Luis-Suarez,uy URU,FW,Atlético Madrid,34-004,1987,15,14,1097,12.2,12,2,1,1,3,0,0.98,0.16,1.15,0.90,1.07,7.3,6.6,1.4,0.60,0.11,0.72,0.54,0.65,Matches
468,Suso\Suso,es ESP,FW,Sevilla,27-070,1993,15,12,962,10.7,3,1,0,0,1,0,0.28,0.09,0.37,0.28,0.37,1.3,1.3,1.3,0.12,0.12,0.24,0.12,0.24,Matches
469,Tachi\Tachi,es ESP,DFFW,Alavés,23-140,1997,4,1,199,2.2,0,0,0,0,3,1,0.00,0.00,0.00,0.00,0.00,0.1,0.1,0.1,0.03,0.07,0.10,0.03,0.10,Matches
470,Renato Tapia\Renato-Tapia,pe PER,MF,Celta Vigo,25-184,1995,19,19,1593,17.7,0,1,0,0,7,0,0.00,0.06,0.06,0.00,0.06,0.5,0.5,0.4,0.03,0.02,0.05,0.03,0.05,Matches
471,Tomás Tavares\Tomas-Tavares,pt POR,MFDF,Alavés,19-327,2001,3,0,65,0.7,0,0,0,0,0,0,0.00,0.00,0.00,0.00,0.00,0.0,0.0,0.0,0.00,0.00,0.00,0.00,0.00,Matches
472,Álvaro Tejero\Alvaro-Tejero,es ESP,DF,Eibar,24-192,1996,2,1,110,1.2,0,0,0,0,1,0,0.00,0.00,0.00,0.00,0.00,0.0,0.0,0.2,0.03,0.16,0.18,0.03,0.18,Matches
473,Cristian Tello\Cristian-Tello,es ESP,FWMF,Betis,29-170,1991,16,8,757,8.4,4,2,0,0,0,0,0.48,0.24,0.71,0.48,0.71,1.7,1.7,1.5,0.20,0.18,0.39,0.20,0.39,Matches
474,Marc-André ter Stegen\Marc-Andre-ter-Stegen,de GER,GK,Barcelona,28-273,1992,13,13,1170,13.0,0,0,0,0,0,0,0.00,0.00,0.00,0.00,0.00,0.0,0.0,0.0,0.00,0.00,0.00,0.00,0.00,Matches
475,David Timor\David-Timor,es ESP,MF,Getafe,31-103,1989,16,6,576,6.4,0,0,0,0,2,0,0.00,0.00,0.00,0.00,0.00,0.3,0.3,0.7,0.04,0.10,0.14,0.04,0.14,Matches
476,Toño\Tono,es ESP,DF,Levante,31-082,1989,4,3,247,2.7,0,0,0,0,1,0,0.00,0.00,0.00,0.00,0.00,0.0,0.0,0.0,0.01,0.00,0.01,0.01,0.01,Matches
477,Lucas Torreira\Lucas-Torreira,uy URU,MFFW,Atlético Madrid,24-352,1996,9,2,264,2.9,1,0,0,0,0,0,0.34,0.00,0.34,0.34,0.34,0.2,0.2,0.5,0.07,0.18,0.25,0.07,0.25,Matches
478,Óliver Torres\Oliver-Torres,es ESP,MFFW,Sevilla,26-079,1994,16,8,718,8.0,0,0,0,0,2,0,0.00,0.00,0.00,0.00,0.00,0.4,0.4,0.6,0.05,0.08,0.13,0.05,0.13,Matches
479,Pau Torres\Pau-Torres,es ESP,DF,Villarreal,24-012,1997,20,20,1800,20.0,2,0,0,0,1,0,0.10,0.00,0.10,0.10,0.10,1.1,1.1,0.3,0.05,0.01,0.07,0.05,0.07,Matches
480,Roberto Torres\Roberto-Torres,es ESP,MF,Osasuna,31-327,1989,18,12,1084,12.0,4,1,1,1,0,0,0.33,0.08,0.42,0.25,0.33,2.5,1.8,0.7,0.21,0.06,0.27,0.15,0.21,Matches
481,Lucas Torró\Lucas-Torro,es ESP,MF,Osasuna,26-193,1994,9,4,403,4.5,0,1,0,0,2,0,0.00,0.22,0.22,0.00,0.22,0.5,0.5,0.5,0.10,0.12,0.23,0.10,0.23,Matches
482,Manu Trigueros\Manu-Trigueros,es ESP,MF,Villarreal,29-103,1991,19,17,1386,15.4,1,4,0,0,4,0,0.06,0.26,0.32,0.06,0.32,1.3,1.3,1.7,0.08,0.11,0.19,0.08,0.19,Matches
483,Francisco Trincão\Francisco-Trincao,pt POR,FWMF,Barcelona,21-030,1999,16,0,329,3.7,0,1,0,0,1,0,0.00,0.27,0.27,0.00,0.27,1.4,1.4,0.3,0.39,0.07,0.46,0.39,0.46,Matches
484,Kieran Trippier\Kieran-Trippier,eng ENG,DF,Atlético Madrid,30-131,1990,14,14,1260,14.0,0,5,0,0,0,0,0.00,0.36,0.36,0.00,0.36,0.0,0.0,1.7,0.00,0.12,0.12,0.00,0.12,Matches
485,Samuel Umtiti\Samuel-Umtiti,fr FRA,DF,Barcelona,27-075,1993,4,2,202,2.2,0,0,0,0,0,0,0.00,0.00,0.00,0.00,0.00,0.0,0.0,0.0,0.00,0.01,0.01,0.00,0.01,Matches
486,Enes Ünal\Enes-Unal,tr TUR,FW,Getafe,23-263,1997,13,4,431,4.8,0,0,0,0,2,0,0.00,0.00,0.00,0.00,0.00,0.8,0.8,0.4,0.16,0.09,0.25,0.16,0.25,Matches
487,Tomáš Vaclík\Tomas-Vaclik,cz CZE,GK,Sevilla,31-305,1989,3,3,270,3.0,0,0,0,0,0,0,0.00,0.00,0.00,0.00,0.00,0.0,0.0,0.0,0.00,0.00,0.00,0.00,0.00,Matches
488,Eugeni Valderrama\Eugeni-Valderrama,es ESP,FWMF,Huesca,26-193,1994,3,1,115,1.3,0,0,0,0,0,0,0.00,0.00,0.00,0.00,0.00,0.0,0.0,0.1,0.00,0.06,0.06,0.00,0.06,Matches
489,Jesús Vallejo\Jesus-Vallejo,es ESP,DF,Granada,24-023,1997,13,9,831,9.2,0,0,0,0,1,1,0.00,0.00,0.00,0.00,0.00,0.1,0.1,0.0,0.01,0.00,0.01,0.01,0.01,Matches
490,Manu Vallejo\Manu-Vallejo,es ESP,FW,Valencia,23-349,1997,17,5,584,6.5,4,0,0,0,0,0,0.62,0.00,0.62,0.62,0.62,3.3,3.3,0.1,0.51,0.01,0.52,0.51,0.52,Matches
491,Federico Valverde\Federico-Valverde,uy URU,MF,Real Madrid,22-190,1998,15,8,742,8.2,3,1,0,0,0,0,0.36,0.12,0.49,0.36,0.49,1.5,1.5,2.4,0.18,0.29,0.46,0.18,0.46,Matches
492,Raphaël Varane\Raphael-Varane,fr FRA,DF,Real Madrid,27-278,1993,18,18,1620,18.0,0,0,0,0,0,0,0.00,0.00,0.00,0.00,0.00,0.7,0.7,0.0,0.04,0.00,0.04,0.04,0.04,Matches
493,Franco Vázquez\Franco-Vazquez,ar ARG,FWMF,Sevilla,31-341,1989,7,0,55,0.6,0,0,0,0,1,0,0.00,0.00,0.00,0.00,0.00,0.0,0.0,0.0,0.08,0.00,0.08,0.08,0.08,Matches
494,Lucas Vázquez\Lucas-Vazquez,es ESP,FWDF,Real Madrid,29-211,1991,16,14,1203,13.4,2,2,0,0,2,0,0.15,0.15,0.30,0.15,0.30,1.6,1.6,2.4,0.12,0.18,0.30,0.12,0.30,Matches
495,Koke Vegas\Koke-Vegas,es ESP,GK,Levante,25-123,1995,1,1,90,1.0,0,0,0,0,1,0,0.00,0.00,0.00,0.00,0.00,0.0,0.0,0.0,0.00,0.00,0.00,0.00,0.00,Matches
496,Gabriel Veiga\Gabriel-Veiga,es ESP,MFDF,Celta Vigo,18-246,2002,5,1,113,1.3,0,0,0,0,0,0,0.00,0.00,0.00,0.00,0.00,0.0,0.0,0.0,0.00,0.03,0.03,0.00,0.03,Matches
497,Unai Vencedor Paris\Unai-Vencedor-Paris,es ESP,MF,Athletic Club,20-074,2000,12,9,741,8.2,0,0,0,0,3,0,0.00,0.00,0.00,0.00,0.00,0.1,0.1,0.1,0.02,0.01,0.03,0.02,0.03,Matches
498,Gonzalo Verdú\Gonzalo-Verdu,es ESP,DF,Elche,32-099,1988,18,18,1620,18.0,0,1,0,0,4,0,0.00,0.06,0.06,0.00,0.06,0.2,0.2,0.4,0.01,0.02,0.03,0.01,0.03,Matches
499,Mikel Vesga\Mikel-Vesga,es ESP,MF,Athletic Club,27-252,1993,15,10,868,9.6,0,1,0,0,4,0,0.00,0.10,0.10,0.00,0.10,1.0,1.0,0.1,0.10,0.01,0.11,0.10,0.11,Matches
500,Rúben Vezo\Ruben-Vezo,pt POR,DF,Levante,26-278,1994,15,13,1202,13.4,1,0,0,0,4,0,0.07,0.00,0.07,0.07,0.07,0.3,0.3,0.1,0.02,0.01,0.03,0.02,0.03,Matches
501,Iñigo Vicente\Inigo-Vicente,es ESP,FW,Athletic Club,23-022,1998,2,0,33,0.4,0,0,0,0,0,0,0.00,0.00,0.00,0.00,0.00,0.0,0.0,0.2,0.10,0.56,0.65,0.10,0.65,Matches
502,Fede Vico\Fede-Vico,es ESP,FWMF,Granada,26-208,1994,5,1,124,1.4,0,0,0,0,1,0,0.00,0.00,0.00,0.00,0.00,0.0,0.0,0.0,0.03,0.01,0.04,0.03,0.04,Matches
503,Aleix Vidal\Aleix-Vidal,es ESP,DF,Sevilla,31-160,1989,7,2,265,2.9,0,0,0,0,1,0,0.00,0.00,0.00,0.00,0.00,0.0,0.0,0.1,0.00,0.02,0.02,0.00,0.02,Matches
504,Nacho Vidal\Nacho-Vidal,es ESP,DFMF,Osasuna,26-004,1995,18,10,1006,11.2,0,0,0,0,5,0,0.00,0.00,0.00,0.00,0.00,0.3,0.3,0.6,0.03,0.06,0.09,0.03,0.09,Matches
505,Toni Villa\Toni-Villa,es ESP,MFFW,Valladolid,26-021,1995,15,7,675,7.5,1,0,0,0,2,0,0.13,0.00,0.13,0.13,0.13,0.7,0.7,0.8,0.10,0.10,0.20,0.10,0.20,Matches
506,Asier Villalibre\Asier-Villalibre,es ESP,FW,Athletic Club,23-120,1997,17,6,706,7.8,2,1,0,0,1,0,0.25,0.13,0.38,0.25,0.38,2.4,2.4,1.0,0.31,0.13,0.44,0.31,0.44,Matches
507,Iván Villar\Ivan-Villar,es ESP,GK,Celta Vigo,23-203,1997,7,7,630,7.0,0,0,0,0,1,0,0.00,0.00,0.00,0.00,0.00,0.0,0.0,0.0,0.00,0.00,0.00,0.00,0.00,Matches
508,Vitolo\Vitolo,es ESP,MFDF,Atlético Madrid,31-087,1989,6,3,227,2.5,0,0,0,0,1,0,0.00,0.00,0.00,0.00,0.00,0.4,0.4,0.1,0.17,0.05,0.22,0.17,0.22,Matches
509,Šime Vrsaljko\Sime-Vrsaljko,hr CRO,DF,Atlético Madrid,29-018,1992,4,4,281,3.1,0,0,0,0,1,0,0.00,0.00,0.00,0.00,0.00,0.0,0.0,0.0,0.00,0.00,0.00,0.00,0.00,Matches
510,Nikola Vukčević\Nikola-Vukcevic,me MNE,MF,Levante,29-046,1991,8,7,521,5.8,0,0,0,0,2,0,0.00,0.00,0.00,0.00,0.00,0.1,0.1,0.2,0.02,0.03,0.06,0.02,0.06,Matches
511,Daniel Wass\Daniel-Wass,dk DEN,DFMF,Valencia,31-242,1989,19,19,1654,18.4,1,1,0,0,5,0,0.05,0.05,0.11,0.05,0.11,0.7,0.7,1.4,0.04,0.08,0.11,0.04,0.11,Matches
512,Shon Weissman\Shon-Weissman,il ISR,FW,Valladolid,24-349,1996,16,11,981,10.9,3,0,0,0,1,0,0.28,0.00,0.28,0.28,0.28,2.3,2.3,0.1,0.21,0.01,0.22,0.21,0.22,Matches
513,Iñaki Williams\Inaki-Williams,es ESP,FWMF,Athletic Club,26-227,1994,19,18,1447,16.1,4,3,1,1,1,0,0.25,0.19,0.44,0.19,0.37,4.1,3.3,2.3,0.25,0.15,0.40,0.21,0.35,Matches
514,Jawad El Yamiq\Jawad-El-Yamiq,ma MAR,DF,Valladolid,28-334,1992,9,6,563,6.3,0,1,0,0,2,0,0.00,0.16,0.16,0.00,0.16,0.1,0.1,0.0,0.01,0.00,0.01,0.01,0.01,Matches
515,Rubén Yáñez\Ruben-Yanez,es ESP,GK,Getafe,27-108,1993,7,7,630,7.0,0,0,0,0,1,0,0.00,0.00,0.00,0.00,0.00,0.0,0.0,0.0,0.00,0.00,0.00,0.00,0.00,Matches
516,Okay Yokuşlu\Okay-Yokuslu,tr TUR,MF,Celta Vigo,26-325,1994,12,3,462,5.1,0,0,0,0,4,1,0.00,0.00,0.00,0.00,0.00,0.4,0.4,0.3,0.08,0.05,0.14,0.08,0.14,Matches
517,Joseba Zaldúa\Joseba-Zaldua,es ESP,DF,Real Sociedad,28-218,1992,6,3,326,3.6,0,0,0,0,2,0,0.00,0.00,0.00,0.00,0.00,0.0,0.0,0.3,0.01,0.09,0.11,0.01,0.11,Matches
518,Oier Zarraga\Oier-Zarraga,es ESP,MF,Athletic Club,22-024,1999,4,1,93,1.0,0,0,0,0,0,0,0.00,0.00,0.00,0.00,0.00,0.1,0.1,0.0,0.09,0.05,0.14,0.09,0.14,Matches
519,Igor Zubeldia\Igor-Zubeldia,es ESP,DF,Real Sociedad,23-304,1997,13,11,1053,11.7,0,0,0,0,3,0,0.00,0.00,0.00,0.00,0.00,0.7,0.7,0.5,0.06,0.04,0.10,0.06,0.10,Matches
520,Martín Zubimendi\Martin-Zubimendi,es ESP,MF,Real Sociedad,21-361,1999,18,8,898,10.0,0,0,0,0,3,0,0.00,0.00,0.00,0.00,0.00,0.1,0.1,0.2,0.01,0.02,0.03,0.01,0.03,Matches
521,Martin Ødegaard\Martin-Odegaard,no NOR,MFFW,Real Madrid,22-042,1998,7,3,234,2.6,0,0,0,0,0,0,0.00,0.00,0.00,0.00,0.00,0.1,0.1,0.4,0.04,0.15,0.19,0.04,0.19,Matches