Wk,Day,Date,Time,Home,xG,Score,xG,Away,Attendance,Venue,Referee,Match Report,Notes
1,Sat,2020-09-19,18:00 (21:30),Fiorentina,1.9,1–0,0.6,Torino,,Stadio Artemio Franchi,Rosario Abisso,Match Report,
1,Sat,2020-09-19,20:45 (00:15),Hellas Verona,1.3,3–0,1.7,Roma,,Stadio Marc'Antonio Bentegodi,Daniele Chiffi,Match Report,Match awarded to Hellas Verona
1,Sun,2020-09-20,12:30 (16:00),Parma,0.2,0–2,1.6,Napoli,1000,Stadio Ennio Tardini,Maurizio Mariani,Match Report,
1,Sun,2020-09-20,15:00 (18:30),Genoa,2.0,4–1,1.2,Crotone,,Stadio Comunale Luigi Ferraris,Giovanni Ayroldi,Match Report,
1,Sun,2020-09-20,18:00 (21:30),Sassuolo,2.3,1–1,1.0,Cagliari,850,Stadio Città del Tricolore,Livio Marinelli,Match Report,
1,Sun,2020-09-20,20:45 (00:15),Juventus,2.4,3–0,0.8,Sampdoria,1000,Allianz Stadium,Marco Piccinini,Match Report,
1,Mon,2020-09-21,20:45 (00:15),Milan,2.9,2–0,0.9,Bologna,1000,Stadio Giuseppe Meazza,Federico La Penna,Match Report,
,,,,,,,,,,,,,
2,Sat,2020-09-26,15:00 (18:30),Torino,0.7,2–4,1.6,Atalanta,1000,Stadio Olimpico di Torino,Massimiliano Irrati,Match Report,
2,Sat,2020-09-26,18:00 (21:30),Cagliari,1.0,0–2,2.1,Lazio,1000,Sardegna Arena,Davide Massa,Match Report,
2,Sat,2020-09-26,18:00 (21:30),Sampdoria,1.6,2–3,1.2,Benevento,1000,Stadio Comunale Luigi Ferraris,Federico Dionisi,Match Report,
2,Sat,2020-09-26,20:45 (00:15),Inter,2.8,4–3,2.5,Fiorentina,1000,Stadio Giuseppe Meazza,Giampaolo Calvarese,Match Report,
2,Sun,2020-09-27,12:30 (16:00),Spezia,1.1,1–4,2.8,Sassuolo,1000,Stadio Dino Manuzzi,Davide Ghersini,Match Report,
2,Sun,2020-09-27,15:00 (18:30),Hellas Verona,1.0,1–0,1.7,Udinese,1000,Stadio Marc'Antonio Bentegodi,Manuel Volpi,Match Report,
2,Sun,2020-09-27,18:00 (21:30),Napoli,2.4,6–0,0.6,Genoa,1000,Stadio San Paolo,Juan Sacchi,Match Report,
2,Sun,2020-09-27,18:00 (21:30),Crotone,0.3,0–2,2.4,Milan,,Stadio Ezio Scida,Luca Pairetto,Match Report,
2,Sun,2020-09-27,20:45 (00:15),Roma,2.7,2–2,1.3,Juventus,1000,Stadio Olimpico,Marco Di Bello,Match Report,
2,Mon,2020-09-28,20:45 (00:15),Bologna,2.2,4–1,1.0,Parma,1000,Stadio Renato Dall'Ara,Paolo Valeri,Match Report,
,,,,,,,,,,,,,
1,Wed,2020-09-30,18:00 (21:30),Udinese,2.1,0–2,0.7,Spezia,1000,Dacia Arena,Alessandro Prontera,Match Report,
1,Wed,2020-09-30,18:00 (21:30),Benevento,1.5,2–5,3.5,Inter,1000,Stadio Ciro Vigorito,Marco Piccinini,Match Report,
1,Wed,2020-09-30,20:45 (00:15),Lazio,2.6,1–4,1.7,Atalanta,1000,Stadio Olimpico,Fabio Maresca,Match Report,
,,,,,,,,,,,,,
3,Fri,2020-10-02,20:45 (00:15),Fiorentina,2.1,1–2,2.4,Sampdoria,1000,Stadio Artemio Franchi,Piero Giacomelli,Match Report,
3,Sat,2020-10-03,15:00 (18:30),Sassuolo,1.7,4–1,1.8,Crotone,1000,Stadio Città del Tricolore,Ivan Pezzuto,Match Report,
3,Sat,2020-10-03,20:45 (00:15),Udinese,0.9,0–1,0.8,Roma,1000,Dacia Arena,Rosario Abisso,Match Report,
3,Sun,2020-10-04,12:30 (16:00),Atalanta,3.5,5–2,1.0,Cagliari,1000,Stadio Atleti Azzurri d'Italia,Fabrizio Pasqua,Match Report,
3,Sun,2020-10-04,15:00 (18:30),Lazio,1.3,1–1,0.9,Inter,1000,Stadio Olimpico,Marco Guida,Match Report,
3,Sun,2020-10-04,15:00 (18:30),Parma,1.6,1–0,0.5,Hellas Verona,1000,Stadio Ennio Tardini,Antonio Giua,Match Report,
3,Sun,2020-10-04,15:00 (18:30),Benevento,0.9,1–0,1.8,Bologna,1000,Stadio Ciro Vigorito,Simone Sozza,Match Report,
3,Sun,2020-10-04,18:00 (21:30),Milan,2.0,3–0,0.2,Spezia,1000,Stadio Giuseppe Meazza,Marco Serra,Match Report,
3,Sun,2020-10-04,20:45 (00:15),Juventus,,,,Napoli,,Allianz Stadium,Daniele Doveri,,Match Postponed
,,,,,,,,,,,,,
4,Sat,2020-10-17,15:00 (18:30),Napoli,1.7,4–1,1.0,Atalanta,1000,Stadio San Paolo,Marco Di Bello,Match Report,
4,Sat,2020-10-17,18:00 (21:30),Sampdoria,1.3,3–0,0.6,Lazio,1000,Stadio Comunale Luigi Ferraris,Daniele Orsato,Match Report,
4,Sat,2020-10-17,18:00 (21:30),Inter,2.4,1–2,2.3,Milan,1000,Stadio Giuseppe Meazza,Maurizio Mariani,Match Report,
4,Sat,2020-10-17,20:45 (00:15),Crotone,1.1,1–1,1.6,Juventus,1000,Stadio Ezio Scida,Francesco Fourneau,Match Report,
4,Sun,2020-10-18,12:30 (16:00),Bologna,1.4,3–4,2.8,Sassuolo,1000,Stadio Renato Dall'Ara,Daniele Doveri,Match Report,
4,Sun,2020-10-18,15:00 (18:30),Torino,1.7,2–3,2.1,Cagliari,1000,Stadio Olimpico di Torino,Federico La Penna,Match Report,
4,Sun,2020-10-18,15:00 (18:30),Spezia,1.1,2–2,1.4,Fiorentina,1000,Stadio Dino Manuzzi,Gianluca Manganiello,Match Report,
4,Sun,2020-10-18,18:00 (21:30),Udinese,1.3,3–2,1.0,Parma,1000,Dacia Arena,Michael Fabbri,Match Report,
4,Sun,2020-10-18,20:45 (00:15),Roma,4.4,5–2,1.8,Benevento,1000,Stadio Olimpico,Giovanni Ayroldi,Match Report,
4,Mon,2020-10-19,20:45 (00:15),Hellas Verona,1.4,0–0,0.4,Genoa,10002,Stadio Marc'Antonio Bentegodi,Antonio Rapuano,Match Report,
,,,,,,,,,,,,,
5,Fri,2020-10-23,20:45 (00:15),Sassuolo,2.0,3–3,2.1,Torino,700,Stadio Città del Tricolore,Marco Guida,Match Report,
5,Sat,2020-10-24,15:00 (18:30),Atalanta,2.1,1–3,1.9,Sampdoria,1000,Stadio Atleti Azzurri d'Italia,Giampaolo Calvarese,Match Report,
5,Sat,2020-10-24,18:00 (21:30),Genoa,0.0,0–2,1.8,Inter,1000,Stadio Comunale Luigi Ferraris,Davide Massa,Match Report,
5,Sat,2020-10-24,20:45 (00:15),Lazio,1.0,2–1,1.5,Bologna,1000,Stadio Olimpico,Massimiliano Irrati,Match Report,
5,Sun,2020-10-25,12:30 (17:00),Cagliari,2.4,4–2,1.6,Crotone,1000,Sardegna Arena,Antonio Di Martino,Match Report,
5,Sun,2020-10-25,15:00 (19:30),Benevento,0.5,1–2,2.1,Napoli,1000,Stadio Ciro Vigorito,Daniele Doveri,Match Report,
5,Sun,2020-10-25,15:00 (19:30),Parma,3.2,2–2,0.9,Spezia,1000,Stadio Ennio Tardini,Valerio Marini,Match Report,
5,Sun,2020-10-25,18:00 (22:30),Fiorentina,1.2,3–2,1.8,Udinese,1000,Stadio Artemio Franchi,Francesco Fourneau,Match Report,
5,Sun,2020-10-25,20:45 (01:15),Juventus,1.8,1–1,0.7,Hellas Verona,1000,Allianz Stadium,Fabrizio Pasqua,Match Report,
5,Mon,2020-10-26,20:45 (01:15),Milan,2.6,3–3,2.3,Roma,,Stadio Giuseppe Meazza,Piero Giacomelli,Match Report,
,,,,,,,,,,,,,
6,Sat,2020-10-31,15:00 (19:30),Crotone,0.4,1–2,2.6,Atalanta,,Stadio Ezio Scida,Federico Dionisi,Match Report,
6,Sat,2020-10-31,18:00 (22:30),Inter,2.5,2–2,0.7,Parma,,Stadio Giuseppe Meazza,Marco Piccinini,Match Report,
6,Sat,2020-10-31,20:45 (01:15),Bologna,1.4,3–2,0.6,Cagliari,,Stadio Renato Dall'Ara,Michael Fabbri,Match Report,
6,Sun,2020-11-01,12:30 (17:00),Udinese,1.1,1–2,1.1,Milan,,Dacia Arena,Marco Di Bello,Match Report,
6,Sun,2020-11-01,15:00 (19:30),Torino,2.8,3–4,1.4,Lazio,,Stadio Olimpico di Torino,Daniele Chiffi,Match Report,
6,Sun,2020-11-01,15:00 (19:30),Spezia,0.7,1–4,3.4,Juventus,,Stadio Dino Manuzzi,Rosario Abisso,Match Report,
6,Sun,2020-11-01,18:00 (22:30),Roma,3.0,2–0,0.4,Fiorentina,,Stadio Olimpico,Daniele Orsato,Match Report,
6,Sun,2020-11-01,18:00 (22:30),Napoli,2.3,0–2,1.4,Sassuolo,,Stadio San Paolo,Maurizio Mariani,Match Report,
6,Sun,2020-11-01,20:45 (01:15),Sampdoria,0.7,1–1,0.6,Genoa,,Stadio Comunale Luigi Ferraris,Federico La Penna,Match Report,
6,Mon,2020-11-02,20:45 (01:15),Hellas Verona,1.7,3–1,1.6,Benevento,,Stadio Marc'Antonio Bentegodi,Juan Sacchi,Match Report,
,,,,,,,,,,,,,
3,Wed,2020-11-04,17:00 (21:30),Genoa,1.1,1–2,0.6,Torino,,Stadio Comunale Luigi Ferraris,Paolo Valeri,Match Report,
,,,,,,,,,,,,,
7,Fri,2020-11-06,20:45 (01:15),Sassuolo,0.1,0–0,0.1,Udinese,,Stadio Città del Tricolore,Eugenio Abbattista,Match Report,
7,Sat,2020-11-07,15:00 (19:30),Cagliari,2.1,2–0,0.1,Sampdoria,,Sardegna Arena,Giovanni Ayroldi,Match Report,
7,Sat,2020-11-07,18:00 (22:30),Benevento,0.3,0–3,0.9,Spezia,,Stadio Ciro Vigorito,Gianluca Aureliano,Match Report,
7,Sat,2020-11-07,20:45 (01:15),Parma,0.1,0–0,0.7,Fiorentina,,Stadio Ennio Tardini,Federico La Penna,Match Report,
7,Sun,2020-11-08,12:30 (17:00),Lazio,0.9,1–1,1.2,Juventus,,Stadio Olimpico,Davide Massa,Match Report,
7,Sun,2020-11-08,15:00 (19:30),Atalanta,0.8,1–1,1.0,Inter,,Stadio Atleti Azzurri d'Italia,Daniele Doveri,Match Report,
7,Sun,2020-11-08,15:00 (19:30),Genoa,0.6,1–3,2.0,Roma,,Stadio Comunale Luigi Ferraris,Massimiliano Irrati,Match Report,
7,Sun,2020-11-08,15:00 (19:30),Torino,0.2,0–0,0.3,Crotone,,Stadio Olimpico di Torino,Francesco Fourneau,Match Report,
7,Sun,2020-11-08,18:00 (22:30),Bologna,0.8,0–1,1.2,Napoli,,Stadio Renato Dall'Ara,Fabrizio Pasqua,Match Report,
7,Sun,2020-11-08,20:45 (01:15),Milan,3.3,2–2,1.5,Hellas Verona,,Stadio Giuseppe Meazza,Marco Guida,Match Report,
,,,,,,,,,,,,,
8,Sat,2020-11-21,15:00 (19:30),Crotone,0.6,0–2,1.8,Lazio,,Stadio Ezio Scida,Juan Sacchi,Match Report,
8,Sat,2020-11-21,18:00 (22:30),Spezia,0.5,0–0,1.2,Atalanta,,Stadio Dino Manuzzi,Antonio Rapuano,Match Report,
8,Sat,2020-11-21,20:45 (01:15),Juventus,2.1,2–0,0.1,Cagliari,,Allianz Stadium,Fabio Maresca,Match Report,
8,Sun,2020-11-22,12:30 (17:00),Fiorentina,0.8,0–1,0.7,Benevento,,Stadio Artemio Franchi,Davide Ghersini,Match Report,
8,Sun,2020-11-22,15:00 (19:30),Hellas Verona,1.2,0–2,0.5,Sassuolo,,Stadio Marc'Antonio Bentegodi,Daniele Chiffi,Match Report,
8,Sun,2020-11-22,15:00 (19:30),Inter,3.6,4–2,1.9,Torino,,Stadio Giuseppe Meazza,Federico La Penna,Match Report,
8,Sun,2020-11-22,15:00 (19:30),Roma,2.8,3–0,0.0,Parma,,Stadio Olimpico,Gianluca Manganiello,Match Report,
8,Sun,2020-11-22,15:00 (19:30),Sampdoria,0.7,1–2,1.7,Bologna,,Stadio Comunale Luigi Ferraris,Livio Marinelli,Match Report,
8,Sun,2020-11-22,18:00 (22:30),Udinese,0.5,1–0,1.0,Genoa,,Dacia Arena,Giampaolo Calvarese,Match Report,
8,Sun,2020-11-22,20:45 (01:15),Napoli,1.7,1–3,2.6,Milan,,Stadio San Paolo,Paolo Valeri,Match Report,
,,,,,,,,,,,,,
9,Sat,2020-11-28,15:00 (19:30),Sassuolo,0.7,0–3,1.2,Inter,,Stadio Città del Tricolore,Massimiliano Irrati,Match Report,
9,Sat,2020-11-28,18:00 (22:30),Benevento,0.4,1–1,1.6,Juventus,,Stadio Ciro Vigorito,Fabrizio Pasqua,Match Report,
9,Sat,2020-11-28,20:45 (01:15),Atalanta,1.8,0–2,1.7,Hellas Verona,,Stadio Atleti Azzurri d'Italia,Davide Massa,Match Report,
9,Sun,2020-11-29,12:30 (17:00),Lazio,1.3,1–3,1.1,Udinese,,Stadio Olimpico,Gianluca Aureliano,Match Report,
9,Sun,2020-11-29,15:00 (19:30),Milan,2.6,2–0,0.3,Fiorentina,,Stadio Giuseppe Meazza,Rosario Abisso,Match Report,
9,Sun,2020-11-29,15:00 (19:30),Bologna,1.5,1–0,0.4,Crotone,,Stadio Renato Dall'Ara,Marco Serra,Match Report,
9,Sun,2020-11-29,18:00 (22:30),Cagliari,2.3,2–2,2.8,Spezia,,Sardegna Arena,Valerio Marini,Match Report,
9,Sun,2020-11-29,20:45 (01:15),Napoli,1.9,4–0,0.3,Roma,,Stadio San Paolo,Marco Di Bello,Match Report,
9,Mon,2020-11-30,18:30 (23:00),Torino,1.6,2–2,1.1,Sampdoria,,Stadio Olimpico di Torino,Daniele Doveri,Match Report,
9,Mon,2020-11-30,20:45 (01:15),Genoa,1.4,1–2,1.1,Parma,,Stadio Comunale Luigi Ferraris,Maurizio Mariani,Match Report,
,,,,,,,,,,,,,
10,Sat,2020-12-05,15:00 (19:30),Spezia,1.7,1–2,0.3,Lazio,,Stadio Dino Manuzzi,Daniele Chiffi,Match Report,
10,Sat,2020-12-05,18:00 (22:30),Juventus,1.6,2–1,0.8,Torino,,Allianz Stadium,Daniele Orsato,Match Report,
10,Sat,2020-12-05,20:45 (01:15),Inter,1.5,3–1,1.3,Bologna,,Stadio Giuseppe Meazza,Paolo Valeri,Match Report,
10,Sun,2020-12-06,12:30 (17:00),Hellas Verona,2.8,1–1,1.2,Cagliari,,Stadio Marc'Antonio Bentegodi,Gianluca Manganiello,Match Report,
10,Sun,2020-12-06,15:00 (19:30),Parma,0.4,0–0,0.3,Benevento,,Stadio Ennio Tardini,Juan Sacchi,Match Report,
10,Sun,2020-12-06,15:00 (19:30),Roma,1.2,0–0,0.4,Sassuolo,,Stadio Olimpico,Fabio Maresca,Match Report,
10,Sun,2020-12-06,18:00 (22:30),Crotone,0.5,0–4,2.2,Napoli,,Stadio Ezio Scida,Livio Marinelli,Match Report,
10,Sun,2020-12-06,20:45 (01:15),Sampdoria,1.1,1–2,2.5,Milan,,Stadio Comunale Luigi Ferraris,Giampaolo Calvarese,Match Report,
10,Mon,2020-12-07,20:45 (01:15),Fiorentina,2.7,1–1,1.2,Genoa,,Stadio Artemio Franchi,Daniele Doveri,Match Report,
,,,,,,,,,,,,,
11,Fri,2020-12-11,20:45 (01:15),Sassuolo,1.0,1–0,2.5,Benevento,,Stadio Città del Tricolore,Simone Sozza,Match Report,
11,Sat,2020-12-12,15:00 (19:30),Crotone,2.2,4–1,1.2,Spezia,,Stadio Ezio Scida,Antonio Giua,Match Report,
11,Sat,2020-12-12,18:00 (22:30),Torino,1.1,2–3,1.2,Udinese,,Stadio Olimpico di Torino,Davide Massa,Match Report,
11,Sat,2020-12-12,20:45 (01:15),Lazio,1.0,1–2,1.2,Hellas Verona,,Stadio Olimpico,Rosario Abisso,Match Report,
11,Sun,2020-12-13,12:45 (17:15),Cagliari,1.6,1–3,3.5,Inter,,Sardegna Arena,Fabrizio Pasqua,Match Report,
11,Sun,2020-12-13,15:00 (19:30),Atalanta,2.6,3–0,0.4,Fiorentina,,Stadio Atleti Azzurri d'Italia,Maurizio Mariani,Match Report,
11,Sun,2020-12-13,15:00 (19:30),Bologna,0.7,1–5,3.4,Roma,,Stadio Renato Dall'Ara,Giampaolo Calvarese,Match Report,
11,Sun,2020-12-13,15:00 (19:30),Napoli,1.1,2–1,1.1,Sampdoria,,Stadio San Paolo,Federico La Penna,Match Report,
11,Sun,2020-12-13,18:00 (22:30),Genoa,0.2,1–3,2.6,Juventus,,Stadio Comunale Luigi Ferraris,Marco Di Bello,Match Report,
11,Sun,2020-12-13,20:45 (01:15),Milan,1.8,2–2,0.6,Parma,,Stadio Giuseppe Meazza,Francesco Fourneau,Match Report,
,,,,,,,,,,,,,
12,Tue,2020-12-15,18:30 (23:00),Udinese,1.1,0–0,0.2,Crotone,,Dacia Arena,Antonio Di Martino,Match Report,
12,Tue,2020-12-15,20:45 (01:15),Benevento,1.4,1–1,0.8,Lazio,,Stadio Ciro Vigorito,Luca Pairetto,Match Report,
12,Wed,2020-12-16,18:30 (23:00),Juventus,2.7,1–1,1.1,Atalanta,,Allianz Stadium,Daniele Doveri,Match Report,
12,Wed,2020-12-16,20:45 (01:15),Fiorentina,2.0,1–1,1.1,Sassuolo,,Stadio Artemio Franchi,Paolo Valeri,Match Report,
12,Wed,2020-12-16,20:45 (01:15),Genoa,1.2,2–2,1.5,Milan,,Stadio Comunale Luigi Ferraris,Daniele Orsato,Match Report,
12,Wed,2020-12-16,20:45 (01:15),Spezia,3.7,2–2,2.0,Bologna,,Stadio Dino Manuzzi,Piero Giacomelli,Match Report,
12,Wed,2020-12-16,20:45 (01:15),Inter,1.1,1–0,1.7,Napoli,,Stadio Giuseppe Meazza,Davide Massa,Match Report,
12,Wed,2020-12-16,20:45 (01:15),Hellas Verona,1.4,1–2,0.7,Sampdoria,,Stadio Marc'Antonio Bentegodi,Riccardo Ros,Match Report,
12,Wed,2020-12-16,20:45 (01:15),Parma,1.0,0–0,0.3,Cagliari,,Stadio Ennio Tardini,Ivan Pezzuto,Match Report,
12,Thu,2020-12-17,20:45 (01:15),Roma,2.6,3–1,1.5,Torino,,Stadio Olimpico,Rosario Abisso,Match Report,
,,,,,,,,,,,,,
13,Sat,2020-12-19,15:00 (19:30),Fiorentina,1.2,1–1,1.1,Hellas Verona,,Stadio Artemio Franchi,Francesco Fourneau,Match Report,
13,Sat,2020-12-19,18:00 (22:30),Sampdoria,1.9,3–1,0.9,Crotone,,Stadio Comunale Luigi Ferraris,Gianluca Manganiello,Match Report,
13,Sat,2020-12-19,20:45 (01:15),Parma,0.7,0–4,2.5,Juventus,,Stadio Ennio Tardini,Giampaolo Calvarese,Match Report,
13,Sun,2020-12-20,12:30 (17:00),Torino,0.9,1–1,1.6,Bologna,,Stadio Olimpico di Torino,Fabrizio Pasqua,Match Report,
13,Sun,2020-12-20,15:00 (19:30),Inter,1.8,2–1,0.8,Spezia,,Stadio Giuseppe Meazza,Michael Fabbri,Match Report,
13,Sun,2020-12-20,15:00 (19:30),Benevento,1.6,2–0,0.3,Genoa,,Stadio Ciro Vigorito,Antonio Giua,Match Report,
13,Sun,2020-12-20,15:00 (19:30),Cagliari,0.5,1–1,1.4,Udinese,,Sardegna Arena,Marco Piccinini,Match Report,
13,Sun,2020-12-20,15:00 (19:30),Sassuolo,0.9,1–2,1.5,Milan,,Stadio Città del Tricolore,Maurizio Mariani,Match Report,
13,Sun,2020-12-20,18:00 (22:30),Atalanta,2.0,4–1,0.8,Roma,,Stadio Atleti Azzurri d'Italia,Marco Di Bello,Match Report,
13,Sun,2020-12-20,20:45 (01:15),Lazio,0.8,2–0,0.9,Napoli,,Stadio Olimpico,Daniele Orsato,Match Report,
,,,,,,,,,,,,,
14,Tue,2020-12-22,18:30 (23:00),Crotone,0.8,2–1,1.2,Parma,,Stadio Ezio Scida,Fabio Maresca,Match Report,
14,Tue,2020-12-22,20:45 (01:15),Juventus,0.4,0–3,1.0,Fiorentina,,Allianz Stadium,Federico La Penna,Match Report,
14,Wed,2020-12-23,18:30 (23:00),Hellas Verona,0.7,1–2,2.1,Inter,,Stadio Marc'Antonio Bentegodi,Piero Giacomelli,Match Report,
14,Wed,2020-12-23,20:45 (01:15),Sampdoria,1.7,2–3,2.1,Sassuolo,,Stadio Comunale Luigi Ferraris,Giovanni Ayroldi,Match Report,
14,Wed,2020-12-23,20:45 (01:15),Udinese,1.7,0–2,0.4,Benevento,,Dacia Arena,Manuel Volpi,Match Report,
14,Wed,2020-12-23,20:45 (01:15),Napoli,0.9,1–1,0.5,Torino,,Stadio San Paolo,Paolo Valeri,Match Report,
14,Wed,2020-12-23,20:45 (01:15),Bologna,1.0,2–2,1.5,Atalanta,,Stadio Renato Dall'Ara,Daniele Chiffi,Match Report,
14,Wed,2020-12-23,20:45 (01:15),Roma,3.1,3–2,1.7,Cagliari,,Stadio Olimpico,Luca Pairetto,Match Report,
14,Wed,2020-12-23,20:45 (01:15),Milan,1.9,3–2,1.8,Lazio,,Stadio Giuseppe Meazza,Marco Di Bello,Match Report,
14,Wed,2020-12-23,20:45 (01:15),Spezia,0.7,1–2,1.6,Genoa,,Stadio Dino Manuzzi,Davide Massa,Match Report,
,,,,,,,,,,,,,
15,Sun,2021-01-03,12:30 (17:00),Inter,2.5,6–2,1.6,Crotone,,Stadio Giuseppe Meazza,Gianluca Aureliano,Match Report,
15,Sun,2021-01-03,15:00 (19:30),Fiorentina,0.3,0–0,0.7,Bologna,,Stadio Artemio Franchi,Daniele Orsato,Match Report,
15,Sun,2021-01-03,15:00 (19:30),Atalanta,2.6,5–1,0.7,Sassuolo,,Stadio Atleti Azzurri d'Italia,Fabio Maresca,Match Report,
15,Sun,2021-01-03,15:00 (19:30),Parma,1.1,0–3,1.6,Torino,,Stadio Ennio Tardini,Daniele Doveri,Match Report,
15,Sun,2021-01-03,15:00 (19:30),Genoa,0.9,1–1,1.4,Lazio,,Stadio Comunale Luigi Ferraris,Giampaolo Calvarese,Match Report,
15,Sun,2021-01-03,15:00 (19:30),Roma,2.1,1–0,0.4,Sampdoria,,Stadio Olimpico,Daniele Chiffi,Match Report,
15,Sun,2021-01-03,15:00 (19:30),Cagliari,1.0,1–4,3.9,Napoli,,Sardegna Arena,Gianluca Manganiello,Match Report,
15,Sun,2021-01-03,15:00 (19:30),Spezia,0.8,0–1,1.7,Hellas Verona,,Stadio Dino Manuzzi,Luca Pairetto,Match Report,
15,Sun,2021-01-03,18:00 (22:30),Benevento,2.5,0–2,1.5,Milan,,Stadio Ciro Vigorito,Fabrizio Pasqua,Match Report,
15,Sun,2021-01-03,20:45 (01:15),Juventus,2.8,4–1,1.7,Udinese,,Allianz Stadium,Piero Giacomelli,Match Report,
,,,,,,,,,,,,,
16,Wed,2021-01-06,12:30 (17:00),Cagliari,0.9,1–2,1.2,Benevento,,Sardegna Arena,Eugenio Abbattista,Match Report,
16,Wed,2021-01-06,15:00 (19:30),Bologna,1.0,2–2,1.6,Udinese,,Stadio Renato Dall'Ara,Giovanni Ayroldi,Match Report,
16,Wed,2021-01-06,15:00 (19:30),Sampdoria,1.2,2–1,2.5,Inter,,Stadio Comunale Luigi Ferraris,Paolo Valeri,Match Report,
16,Wed,2021-01-06,15:00 (19:30),Atalanta,1.7,3–0,0.0,Parma,,Stadio Atleti Azzurri d'Italia,Juan Sacchi,Match Report,
16,Wed,2021-01-06,15:00 (19:30),Lazio,1.2,2–1,1.6,Fiorentina,,Stadio Olimpico,Rosario Abisso,Match Report,
16,Wed,2021-01-06,15:00 (19:30),Sassuolo,1.6,2–1,1.1,Genoa,,Stadio Città del Tricolore,Michael Fabbri,Match Report,
16,Wed,2021-01-06,15:00 (19:30),Crotone,0.8,1–3,2.2,Roma,,Stadio Ezio Scida,Marco Piccinini,Match Report,
16,Wed,2021-01-06,15:00 (19:30),Torino,1.4,1–1,0.3,Hellas Verona,,Stadio Olimpico di Torino,Marco Di Bello,Match Report,
16,Wed,2021-01-06,18:00 (22:30),Napoli,3.6,1–2,2.0,Spezia,,Stadio San Paolo,Maurizio Mariani,Match Report,
16,Wed,2021-01-06,20:45 (01:15),Milan,1.3,1–3,1.7,Juventus,,Stadio Giuseppe Meazza,Massimiliano Irrati,Match Report,
,,,,,,,,,,,,,
17,Sat,2021-01-09,15:00 (19:30),Benevento,0.9,1–4,4.2,Atalanta,,Stadio Ciro Vigorito,Gianluca Manganiello,Match Report,
17,Sat,2021-01-09,18:00 (22:30),Genoa,1.4,2–0,0.5,Bologna,,Stadio Comunale Luigi Ferraris,Daniele Doveri,Match Report,
17,Sat,2021-01-09,20:45 (01:15),Milan,1.6,2–0,0.6,Torino,,Stadio Giuseppe Meazza,Fabio Maresca,Match Report,
17,Sun,2021-01-10,12:30 (17:00),Roma,1.1,2–2,2.0,Inter,,Stadio Olimpico,Marco Di Bello,Match Report,
17,Sun,2021-01-10,15:00 (19:30),Udinese,2.8,1–2,2.0,Napoli,,Dacia Arena,Fabrizio Pasqua,Match Report,
17,Sun,2021-01-10,15:00 (19:30),Parma,0.6,0–2,3.6,Lazio,,Stadio Ennio Tardini,Luca Pairetto,Match Report,
17,Sun,2021-01-10,15:00 (19:30),Hellas Verona,1.1,2–1,0.7,Crotone,,Stadio Marc'Antonio Bentegodi,Luca Massimi,Match Report,
17,Sun,2021-01-10,18:00 (22:30),Fiorentina,2.1,1–0,1.5,Cagliari,,Stadio Artemio Franchi,Piero Giacomelli,Match Report,
17,Sun,2021-01-10,20:45 (01:15),Juventus,3.8,3–1,1.1,Sassuolo,,Allianz Stadium,Davide Massa,Match Report,
17,Mon,2021-01-11,20:45 (01:15),Spezia,1.4,2–1,1.0,Sampdoria,,Stadio Dino Manuzzi,Marco Piccinini,Match Report,
,,,,,,,,,,,,,
18,Fri,2021-01-15,20:45 (01:15),Lazio,,,,Roma,,Stadio Olimpico,,Head-to-Head,
18,Sat,2021-01-16,15:00 (19:30),Bologna,,,,Hellas Verona,,Stadio Renato Dall'Ara,,Head-to-Head,
18,Sat,2021-01-16,18:00 (22:30),Torino,,,,Spezia,,Stadio Olimpico di Torino,,Head-to-Head,
18,Sat,2021-01-16,20:45 (01:15),Sampdoria,,,,Udinese,,Stadio Comunale Luigi Ferraris,,Head-to-Head,
18,Sun,2021-01-17,12:30 (17:00),Napoli,,,,Fiorentina,,Stadio San Paolo,,Head-to-Head,
18,Sun,2021-01-17,15:00 (19:30),Crotone,,,,Benevento,,Stadio Ezio Scida,,Head-to-Head,
18,Sun,2021-01-17,15:00 (19:30),Sassuolo,,,,Parma,,Stadio Città del Tricolore,,Head-to-Head,
18,Sun,2021-01-17,18:00 (22:30),Atalanta,,,,Genoa,,Stadio Atleti Azzurri d'Italia,,Head-to-Head,
18,Sun,2021-01-17,20:45 (01:15),Inter,,,,Juventus,,Stadio Giuseppe Meazza,,Head-to-Head,
18,Mon,2021-01-18,20:45 (01:15),Cagliari,,,,Milan,,Sardegna Arena,,Head-to-Head,
,,,,,,,,,,,,,
10,Wed,2021-01-20,15:00 (19:30),Udinese,,,,Atalanta,,Dacia Arena,,Head-to-Head,
,,,,,,,,,,,,,
19,Fri,2021-01-22,20:45 (01:15),Benevento,,,,Torino,,Stadio Ciro Vigorito,,Head-to-Head,
19,Sat,2021-01-23,15:00 (19:30),Roma,,,,Spezia,,Stadio Olimpico,,Head-to-Head,
19,Sat,2021-01-23,18:00 (22:30),Milan,,,,Atalanta,,Stadio Giuseppe Meazza,,Head-to-Head,
19,Sat,2021-01-23,18:00 (22:30),Udinese,,,,Inter,,Dacia Arena,,Head-to-Head,
19,Sat,2021-01-23,20:45 (01:15),Fiorentina,,,,Crotone,,Stadio Artemio Franchi,,Head-to-Head,
19,Sun,2021-01-24,12:30 (17:00),Juventus,,,,Bologna,,Allianz Stadium,,Head-to-Head,
19,Sun,2021-01-24,15:00 (19:30),Genoa,,,,Cagliari,,Stadio Comunale Luigi Ferraris,,Head-to-Head,
19,Sun,2021-01-24,15:00 (19:30),Hellas Verona,,,,Napoli,,Stadio Marc'Antonio Bentegodi,,Head-to-Head,
19,Sun,2021-01-24,18:00 (22:30),Lazio,,,,Sassuolo,,Stadio Olimpico,,Head-to-Head,
19,Sun,2021-01-24,20:45 (01:15),Parma,,,,Sampdoria,,Stadio Ennio Tardini,,Head-to-Head,
,,,,,,,,,,,,,
20,Fri,2021-01-29,20:45 (01:15),Torino,,,,Fiorentina,,Stadio Olimpico di Torino,,Head-to-Head,
20,Sat,2021-01-30,15:00 (19:30),Crotone,,,,Genoa,,Stadio Ezio Scida,,Head-to-Head,
20,Sat,2021-01-30,15:00 (19:30),Bologna,,,,Milan,,Stadio Renato Dall'Ara,,Head-to-Head,
20,Sat,2021-01-30,15:00 (19:30),Cagliari,,,,Sassuolo,,Sardegna Arena,,Head-to-Head,
20,Sat,2021-01-30,18:00 (22:30),Sampdoria,,,,Juventus,,Stadio Comunale Luigi Ferraris,,Head-to-Head,
20,Sat,2021-01-30,20:45 (01:15),Inter,,,,Benevento,,Stadio Giuseppe Meazza,,Head-to-Head,
20,Sun,2021-01-31,12:30 (17:00),Spezia,,,,Udinese,,Stadio Dino Manuzzi,,Head-to-Head,
20,Sun,2021-01-31,15:00 (19:30),Atalanta,,,,Lazio,,Stadio Atleti Azzurri d'Italia,,Head-to-Head,
20,Sun,2021-01-31,18:00 (22:30),Napoli,,,,Parma,,Stadio San Paolo,,Head-to-Head,
20,Sun,2021-01-31,20:45 (01:15),Roma,,,,Hellas Verona,,Stadio Olimpico,,Head-to-Head,
,,,,,,,,,,,,,
21,Fri,2021-02-05,20:45 (01:15),Milan,,,,Crotone,,Stadio Giuseppe Meazza,,Head-to-Head,
21,Fri,2021-02-05,20:45 (01:15),Fiorentina,,,,Inter,,Stadio Artemio Franchi,,Head-to-Head,
21,Sat,2021-02-06,15:00 (19:30),Sassuolo,,,,Spezia,,Stadio Città del Tricolore,,Head-to-Head,
21,Sat,2021-02-06,15:00 (19:30),Atalanta,,,,Torino,,Stadio Atleti Azzurri d'Italia,,Head-to-Head,
21,Sat,2021-02-06,18:00 (22:30),Juventus,,,,Roma,,Allianz Stadium,,Head-to-Head,
21,Sat,2021-02-06,20:45 (01:15),Genoa,,,,Napoli,,Stadio Comunale Luigi Ferraris,,Head-to-Head,
21,Sun,2021-02-07,12:30 (17:00),Benevento,,,,Sampdoria,,Stadio Ciro Vigorito,,Head-to-Head,
21,Sun,2021-02-07,15:00 (19:30),Udinese,,,,Hellas Verona,,Dacia Arena,,Head-to-Head,
21,Sun,2021-02-07,18:00 (22:30),Parma,,,,Bologna,,Stadio Ennio Tardini,,Head-to-Head,
21,Sun,2021-02-07,20:45 (01:15),Lazio,,,,Cagliari,,Stadio Olimpico,,Head-to-Head,
,,,,,,,,,,,,,
22,Fri,2021-02-12,20:45 (01:15),Bologna,,,,Benevento,,Stadio Renato Dall'Ara,,Head-to-Head,
22,Sat,2021-02-13,15:00 (19:30),Torino,,,,Genoa,,Stadio Olimpico di Torino,,Head-to-Head,
22,Sat,2021-02-13,18:00 (22:30),Napoli,,,,Juventus,,Stadio San Paolo,,Head-to-Head,
22,Sat,2021-02-13,20:45 (01:15),Spezia,,,,Milan,,Stadio Dino Manuzzi,,Head-to-Head,
22,Sun,2021-02-14,12:30 (17:00),Roma,,,,Udinese,,Stadio Olimpico,,Head-to-Head,
22,Sun,2021-02-14,15:00 (19:30),Sampdoria,,,,Fiorentina,,Stadio Comunale Luigi Ferraris,,Head-to-Head,
22,Sun,2021-02-14,15:00 (19:30),Cagliari,,,,Atalanta,,Sardegna Arena,,Head-to-Head,
22,Sun,2021-02-14,18:00 (22:30),Crotone,,,,Sassuolo,,Stadio Ezio Scida,,Head-to-Head,
22,Sun,2021-02-14,20:45 (01:15),Inter,,,,Lazio,,Stadio Giuseppe Meazza,,Head-to-Head,
22,Mon,2021-02-15,20:45 (01:15),Hellas Verona,,,,Parma,,Stadio Marc'Antonio Bentegodi,,Head-to-Head,
,,,,,,,,,,,,,
23,Fri,2021-02-19,18:30 (23:00),Fiorentina,,,,Spezia,,Stadio Artemio Franchi,,Head-to-Head,
23,Fri,2021-02-19,20:45 (01:15),Cagliari,,,,Torino,,Sardegna Arena,,Head-to-Head,
23,Sat,2021-02-20,15:00 (19:30),Lazio,,,,Sampdoria,,Stadio Olimpico,,Head-to-Head,
23,Sat,2021-02-20,18:00 (22:30),Genoa,,,,Hellas Verona,,Stadio Comunale Luigi Ferraris,,Head-to-Head,
23,Sat,2021-02-20,20:45 (01:15),Sassuolo,,,,Bologna,,Stadio Città del Tricolore,,Head-to-Head,
23,Sun,2021-02-21,12:30 (17:00),Parma,,,,Udinese,,Stadio Ennio Tardini,,Head-to-Head,
23,Sun,2021-02-21,15:00 (19:30),Milan,,,,Inter,,Stadio Giuseppe Meazza,,Head-to-Head,
23,Sun,2021-02-21,18:00 (22:30),Atalanta,,,,Napoli,,Stadio Atleti Azzurri d'Italia,,Head-to-Head,
23,Sun,2021-02-21,20:45 (01:15),Benevento,,,,Roma,,Stadio Ciro Vigorito,,Head-to-Head,
23,Mon,2021-02-22,20:45 (01:15),Juventus,,,,Crotone,,Allianz Stadium,,Head-to-Head,
,,,,,,,,,,,,,
24,Fri,2021-02-26,20:45 (01:15),Torino,,,,Sassuolo,,Stadio Olimpico di Torino,,Head-to-Head,
24,Sat,2021-02-27,15:00 (19:30),Spezia,,,,Parma,,Stadio Dino Manuzzi,,Head-to-Head,
24,Sat,2021-02-27,18:00 (22:30),Bologna,,,,Lazio,,Stadio Renato Dall'Ara,,Head-to-Head,
24,Sat,2021-02-27,20:45 (01:15),Hellas Verona,,,,Juventus,,Stadio Marc'Antonio Bentegodi,,Head-to-Head,
24,Sun,2021-02-28,12:30 (17:00),Sampdoria,,,,Atalanta,,Stadio Comunale Luigi Ferraris,,Head-to-Head,
24,Sun,2021-02-28,15:00 (19:30),Udinese,,,,Fiorentina,,Dacia Arena,,Head-to-Head,
24,Sun,2021-02-28,15:00 (19:30),Inter,,,,Genoa,,Stadio Giuseppe Meazza,,Head-to-Head,
24,Sun,2021-02-28,15:00 (19:30),Crotone,,,,Cagliari,,Stadio Ezio Scida,,Head-to-Head,
24,Sun,2021-02-28,18:00 (22:30),Napoli,,,,Benevento,,Stadio San Paolo,,Head-to-Head,
24,Sun,2021-02-28,20:45 (01:15),Roma,,,,Milan,,Stadio Olimpico,,Head-to-Head,
,,,,,,,,,,,,,
25,Tue,2021-03-02,,Lazio,,,,Torino,,Stadio Olimpico,,Head-to-Head,
25,Tue,2021-03-02,,Juventus,,,,Spezia,,Allianz Stadium,,Head-to-Head,
25,Wed,2021-03-03,,Atalanta,,,,Crotone,,Stadio Atleti Azzurri d'Italia,,Head-to-Head,
25,Wed,2021-03-03,,Benevento,,,,Hellas Verona,,Stadio Ciro Vigorito,,Head-to-Head,
25,Wed,2021-03-03,,Milan,,,,Udinese,,Stadio Giuseppe Meazza,,Head-to-Head,
25,Wed,2021-03-03,,Genoa,,,,Sampdoria,,Stadio Comunale Luigi Ferraris,,Head-to-Head,
25,Wed,2021-03-03,,Sassuolo,,,,Napoli,,Stadio Città del Tricolore,,Head-to-Head,
25,Wed,2021-03-03,,Fiorentina,,,,Roma,,Stadio Artemio Franchi,,Head-to-Head,
25,Wed,2021-03-03,,Cagliari,,,,Bologna,,Sardegna Arena,,Head-to-Head,
25,Thu,2021-03-04,,Parma,,,,Inter,,Stadio Ennio Tardini,,Head-to-Head,
,,,,,,,,,,,,,
26,Sat,2021-03-06,15:00 (19:30),Spezia,,,,Benevento,,Stadio Dino Manuzzi,,Head-to-Head,
26,Sat,2021-03-06,18:00 (22:30),Udinese,,,,Sassuolo,,Dacia Arena,,Head-to-Head,
26,Sat,2021-03-06,20:45 (01:15),Juventus,,,,Lazio,,Allianz Stadium,,Head-to-Head,
26,Sun,2021-03-07,12:30 (17:00),Roma,,,,Genoa,,Stadio Olimpico,,Head-to-Head,
26,Sun,2021-03-07,15:00 (19:30),Fiorentina,,,,Parma,,Stadio Artemio Franchi,,Head-to-Head,
26,Sun,2021-03-07,15:00 (19:30),Hellas Verona,,,,Milan,,Stadio Marc'Antonio Bentegodi,,Head-to-Head,
26,Sun,2021-03-07,15:00 (19:30),Crotone,,,,Torino,,Stadio Ezio Scida,,Head-to-Head,
26,Sun,2021-03-07,18:00 (22:30),Sampdoria,,,,Cagliari,,Stadio Comunale Luigi Ferraris,,Head-to-Head,
26,Sun,2021-03-07,20:45 (01:15),Napoli,,,,Bologna,,Stadio San Paolo,,Head-to-Head,
26,Mon,2021-03-08,20:45 (01:15),Inter,,,,Atalanta,,Stadio Giuseppe Meazza,,Head-to-Head,
,,,,,,,,,,,,,
27,Fri,2021-03-12,15:00 (19:30),Lazio,,,,Crotone,,Stadio Olimpico,,Head-to-Head,
27,Fri,2021-03-12,20:45 (01:15),Atalanta,,,,Spezia,,Stadio Atleti Azzurri d'Italia,,Head-to-Head,
27,Sat,2021-03-13,15:00 (19:30),Sassuolo,,,,Hellas Verona,,Stadio Città del Tricolore,,Head-to-Head,
27,Sat,2021-03-13,18:00 (22:30),Benevento,,,,Fiorentina,,Stadio Ciro Vigorito,,Head-to-Head,
27,Sat,2021-03-13,20:45 (01:15),Genoa,,,,Udinese,,Stadio Comunale Luigi Ferraris,,Head-to-Head,
27,Sun,2021-03-14,12:30 (17:00),Bologna,,,,Sampdoria,,Stadio Renato Dall'Ara,,Head-to-Head,
27,Sun,2021-03-14,15:00 (19:30),Torino,,,,Inter,,Stadio Olimpico di Torino,,Head-to-Head,
27,Sun,2021-03-14,15:00 (19:30),Parma,,,,Roma,,Stadio Ennio Tardini,,Head-to-Head,
27,Sun,2021-03-14,18:00 (22:30),Cagliari,,,,Juventus,,Sardegna Arena,,Head-to-Head,
27,Sun,2021-03-14,20:45 (01:15),Milan,,,,Napoli,,Stadio Giuseppe Meazza,,Head-to-Head,
,,,,,,,,,,,,,
28,Fri,2021-03-19,20:45 (01:15),Parma,,,,Genoa,,Stadio Ennio Tardini,,Head-to-Head,
28,Sat,2021-03-20,15:00 (19:30),Crotone,,,,Bologna,,Stadio Ezio Scida,,Head-to-Head,
28,Sat,2021-03-20,18:00 (22:30),Spezia,,,,Cagliari,,Stadio Dino Manuzzi,,Head-to-Head,
28,Sat,2021-03-20,20:45 (01:15),Inter,,,,Sassuolo,,Stadio Giuseppe Meazza,,Head-to-Head,
28,Sun,2021-03-21,12:30 (17:00),Hellas Verona,,,,Atalanta,,Stadio Marc'Antonio Bentegodi,,Head-to-Head,
28,Sun,2021-03-21,15:00 (19:30),Sampdoria,,,,Torino,,Stadio Comunale Luigi Ferraris,,Head-to-Head,
28,Sun,2021-03-21,15:00 (19:30),Juventus,,,,Benevento,,Allianz Stadium,,Head-to-Head,
28,Sun,2021-03-21,15:00 (19:30),Udinese,,,,Lazio,,Dacia Arena,,Head-to-Head,
28,Sun,2021-03-21,18:00 (22:30),Fiorentina,,,,Milan,,Stadio Artemio Franchi,,Head-to-Head,
28,Sun,2021-03-21,20:45 (01:15),Roma,,,,Napoli,,Stadio Olimpico,,Head-to-Head,
,,,,,,,,,,,,,
29,Sat,2021-04-03,12:30 (16:00),Milan,,,,Sampdoria,,Stadio Giuseppe Meazza,,Head-to-Head,
29,Sat,2021-04-03,15:00 (18:30),Sassuolo,,,,Roma,,Stadio Città del Tricolore,,Head-to-Head,
29,Sat,2021-04-03,15:00 (18:30),Cagliari,,,,Hellas Verona,,Sardegna Arena,,Head-to-Head,
29,Sat,2021-04-03,15:00 (18:30),Atalanta,,,,Udinese,,Stadio Atleti Azzurri d'Italia,,Head-to-Head,
29,Sat,2021-04-03,15:00 (18:30),Benevento,,,,Parma,,Stadio Ciro Vigorito,,Head-to-Head,
29,Sat,2021-04-03,15:00 (18:30),Lazio,,,,Spezia,,Stadio Olimpico,,Head-to-Head,
29,Sat,2021-04-03,15:00 (18:30),Genoa,,,,Fiorentina,,Stadio Comunale Luigi Ferraris,,Head-to-Head,
29,Sat,2021-04-03,15:00 (18:30),Napoli,,,,Crotone,,Stadio San Paolo,,Head-to-Head,
29,Sat,2021-04-03,18:00 (21:30),Torino,,,,Juventus,,Stadio Olimpico di Torino,,Head-to-Head,
29,Sat,2021-04-03,20:45 (00:15),Bologna,,,,Inter,,Stadio Renato Dall'Ara,,Head-to-Head,
,,,,,,,,,,,,,
30,Sun,2021-04-11,,Juventus,,,,Genoa,,Allianz Stadium,,Head-to-Head,
30,Sun,2021-04-11,,Udinese,,,,Torino,,Dacia Arena,,Head-to-Head,
30,Sun,2021-04-11,,Roma,,,,Bologna,,Stadio Olimpico,,Head-to-Head,
30,Sun,2021-04-11,,Spezia,,,,Crotone,,Stadio Dino Manuzzi,,Head-to-Head,
30,Sun,2021-04-11,,Benevento,,,,Sassuolo,,Stadio Ciro Vigorito,,Head-to-Head,
30,Sun,2021-04-11,,Sampdoria,,,,Napoli,,Stadio Comunale Luigi Ferraris,,Head-to-Head,
30,Sun,2021-04-11,,Inter,,,,Cagliari,,Stadio Giuseppe Meazza,,Head-to-Head,
30,Sun,2021-04-11,,Hellas Verona,,,,Lazio,,Stadio Marc'Antonio Bentegodi,,Head-to-Head,
30,Sun,2021-04-11,,Parma,,,,Milan,,Stadio Ennio Tardini,,Head-to-Head,
30,Sun,2021-04-11,,Fiorentina,,,,Atalanta,,Stadio Artemio Franchi,,Head-to-Head,
,,,,,,,,,,,,,
31,Sun,2021-04-18,,Sampdoria,,,,Hellas Verona,,Stadio Comunale Luigi Ferraris,,Head-to-Head,
31,Sun,2021-04-18,,Sassuolo,,,,Fiorentina,,Stadio Città del Tricolore,,Head-to-Head,
31,Sun,2021-04-18,,Bologna,,,,Spezia,,Stadio Renato Dall'Ara,,Head-to-Head,
31,Sun,2021-04-18,,Atalanta,,,,Juventus,,Stadio Atleti Azzurri d'Italia,,Head-to-Head,
31,Sun,2021-04-18,,Torino,,,,Roma,,Stadio Olimpico di Torino,,Head-to-Head,
31,Sun,2021-04-18,,Cagliari,,,,Parma,,Sardegna Arena,,Head-to-Head,
31,Sun,2021-04-18,,Milan,,,,Genoa,,Stadio Giuseppe Meazza,,Head-to-Head,
31,Sun,2021-04-18,,Lazio,,,,Benevento,,Stadio Olimpico,,Head-to-Head,
31,Sun,2021-04-18,,Crotone,,,,Udinese,,Stadio Ezio Scida,,Head-to-Head,
31,Sun,2021-04-18,20:45 (00:15),Napoli,,,,Inter,,Stadio San Paolo,,Head-to-Head,
,,,,,,,,,,,,,
32,Wed,2021-04-21,,Juventus,,,,Parma,,Allianz Stadium,,Head-to-Head,
32,Wed,2021-04-21,,Hellas Verona,,,,Fiorentina,,Stadio Marc'Antonio Bentegodi,,Head-to-Head,
32,Wed,2021-04-21,,Napoli,,,,Lazio,,Stadio San Paolo,,Head-to-Head,
32,Wed,2021-04-21,,Spezia,,,,Inter,,Stadio Dino Manuzzi,,Head-to-Head,
32,Wed,2021-04-21,,Genoa,,,,Benevento,,Stadio Comunale Luigi Ferraris,,Head-to-Head,
32,Wed,2021-04-21,,Roma,,,,Atalanta,,Stadio Olimpico,,Head-to-Head,
32,Wed,2021-04-21,,Milan,,,,Sassuolo,,Stadio Giuseppe Meazza,,Head-to-Head,
32,Wed,2021-04-21,,Udinese,,,,Cagliari,,Dacia Arena,,Head-to-Head,
32,Wed,2021-04-21,,Bologna,,,,Torino,,Stadio Renato Dall'Ara,,Head-to-Head,
32,Wed,2021-04-21,,Crotone,,,,Sampdoria,,Stadio Ezio Scida,,Head-to-Head,
,,,,,,,,,,,,,
33,Sun,2021-04-25,,Genoa,,,,Spezia,,Stadio Comunale Luigi Ferraris,,Head-to-Head,
33,Sun,2021-04-25,,Torino,,,,Napoli,,Stadio Olimpico di Torino,,Head-to-Head,
33,Sun,2021-04-25,,Atalanta,,,,Bologna,,Stadio Atleti Azzurri d'Italia,,Head-to-Head,
33,Sun,2021-04-25,,Parma,,,,Crotone,,Stadio Ennio Tardini,,Head-to-Head,
33,Sun,2021-04-25,,Fiorentina,,,,Juventus,,Stadio Artemio Franchi,,Head-to-Head,
33,Sun,2021-04-25,,Sassuolo,,,,Sampdoria,,Stadio Città del Tricolore,,Head-to-Head,
33,Sun,2021-04-25,,Benevento,,,,Udinese,,Stadio Ciro Vigorito,,Head-to-Head,
33,Sun,2021-04-25,,Inter,,,,Hellas Verona,,Stadio Giuseppe Meazza,,Head-to-Head,
33,Sun,2021-04-25,,Cagliari,,,,Roma,,Sardegna Arena,,Head-to-Head,
33,Sun,2021-04-25,,Lazio,,,,Milan,,Stadio Olimpico,,Head-to-Head,
,,,,,,,,,,,,,
34,Sun,2021-05-02,,Napoli,,,,Cagliari,,Stadio San Paolo,,Head-to-Head,
34,Sun,2021-05-02,,Hellas Verona,,,,Spezia,,Stadio Marc'Antonio Bentegodi,,Head-to-Head,
34,Sun,2021-05-02,,Lazio,,,,Genoa,,Stadio Olimpico,,Head-to-Head,
34,Sun,2021-05-02,,Milan,,,,Benevento,,Stadio Giuseppe Meazza,,Head-to-Head,
34,Sun,2021-05-02,,Torino,,,,Parma,,Stadio Olimpico di Torino,,Head-to-Head,
34,Sun,2021-05-02,,Sassuolo,,,,Atalanta,,Stadio Città del Tricolore,,Head-to-Head,
34,Sun,2021-05-02,,Udinese,,,,Juventus,,Dacia Arena,,Head-to-Head,
34,Sun,2021-05-02,,Sampdoria,,,,Roma,,Stadio Comunale Luigi Ferraris,,Head-to-Head,
34,Sun,2021-05-02,,Bologna,,,,Fiorentina,,Stadio Renato Dall'Ara,,Head-to-Head,
34,Sun,2021-05-02,,Crotone,,,,Inter,,Stadio Ezio Scida,,Head-to-Head,
,,,,,,,,,,,,,
35,Sun,2021-05-09,,Spezia,,,,Napoli,,Stadio Dino Manuzzi,,Head-to-Head,
35,Sun,2021-05-09,,Udinese,,,,Bologna,,Dacia Arena,,Head-to-Head,
35,Sun,2021-05-09,,Fiorentina,,,,Lazio,,Stadio Artemio Franchi,,Head-to-Head,
35,Sun,2021-05-09,,Benevento,,,,Cagliari,,Stadio Ciro Vigorito,,Head-to-Head,
35,Sun,2021-05-09,,Parma,,,,Atalanta,,Stadio Ennio Tardini,,Head-to-Head,
35,Sun,2021-05-09,,Genoa,,,,Sassuolo,,Stadio Comunale Luigi Ferraris,,Head-to-Head,
35,Sun,2021-05-09,,Roma,,,,Crotone,,Stadio Olimpico,,Head-to-Head,
35,Sun,2021-05-09,,Hellas Verona,,,,Torino,,Stadio Marc'Antonio Bentegodi,,Head-to-Head,
35,Sun,2021-05-09,,Inter,,,,Sampdoria,,Stadio Giuseppe Meazza,,Head-to-Head,
35,Sun,2021-05-09,20:45 (00:15),Juventus,,,,Milan,,Allianz Stadium,,Head-to-Head,
,,,,,,,,,,,,,
36,Wed,2021-05-12,,Atalanta,,,,Benevento,,Stadio Atleti Azzurri d'Italia,,Head-to-Head,
36,Wed,2021-05-12,,Sampdoria,,,,Spezia,,Stadio Comunale Luigi Ferraris,,Head-to-Head,
36,Wed,2021-05-12,,Torino,,,,Milan,,Stadio Olimpico di Torino,,Head-to-Head,
36,Wed,2021-05-12,,Crotone,,,,Hellas Verona,,Stadio Ezio Scida,,Head-to-Head,
36,Wed,2021-05-12,,Cagliari,,,,Fiorentina,,Sardegna Arena,,Head-to-Head,
36,Wed,2021-05-12,,Sassuolo,,,,Juventus,,Stadio Città del Tricolore,,Head-to-Head,
36,Wed,2021-05-12,,Lazio,,,,Parma,,Stadio Olimpico,,Head-to-Head,
36,Wed,2021-05-12,,Napoli,,,,Udinese,,Stadio San Paolo,,Head-to-Head,
36,Wed,2021-05-12,,Bologna,,,,Genoa,,Stadio Renato Dall'Ara,,Head-to-Head,
36,Wed,2021-05-12,19:45 (23:15),Inter,,,,Roma,,Stadio Giuseppe Meazza,,Head-to-Head,
,,,,,,,,,,,,,
37,Sun,2021-05-16,,Genoa,,,,Atalanta,,Stadio Comunale Luigi Ferraris,,Head-to-Head,
37,Sun,2021-05-16,,Fiorentina,,,,Napoli,,Stadio Artemio Franchi,,Head-to-Head,
37,Sun,2021-05-16,,Roma,,,,Lazio,,Stadio Olimpico,,Head-to-Head,
37,Sun,2021-05-16,,Spezia,,,,Torino,,Stadio Dino Manuzzi,,Head-to-Head,
37,Sun,2021-05-16,,Parma,,,,Sassuolo,,Stadio Ennio Tardini,,Head-to-Head,
37,Sun,2021-05-16,,Udinese,,,,Sampdoria,,Dacia Arena,,Head-to-Head,
37,Sun,2021-05-16,,Milan,,,,Cagliari,,Stadio Giuseppe Meazza,,Head-to-Head,
37,Sun,2021-05-16,,Hellas Verona,,,,Bologna,,Stadio Marc'Antonio Bentegodi,,Head-to-Head,
37,Sun,2021-05-16,,Benevento,,,,Crotone,,Stadio Ciro Vigorito,,Head-to-Head,
37,Sun,2021-05-16,20:45 (00:15),Juventus,,,,Inter,,Allianz Stadium,,Head-to-Head,
,,,,,,,,,,,,,
38,Sun,2021-05-23,,Sassuolo,,,,Lazio,,Stadio Città del Tricolore,,Head-to-Head,
38,Sun,2021-05-23,,Napoli,,,,Hellas Verona,,Stadio San Paolo,,Head-to-Head,
38,Sun,2021-05-23,,Torino,,,,Benevento,,Stadio Olimpico di Torino,,Head-to-Head,
38,Sun,2021-05-23,,Crotone,,,,Fiorentina,,Stadio Ezio Scida,,Head-to-Head,
38,Sun,2021-05-23,,Inter,,,,Udinese,,Stadio Giuseppe Meazza,,Head-to-Head,
38,Sun,2021-05-23,,Cagliari,,,,Genoa,,Sardegna Arena,,Head-to-Head,
38,Sun,2021-05-23,,Sampdoria,,,,Parma,,Stadio Comunale Luigi Ferraris,,Head-to-Head,
38,Sun,2021-05-23,,Atalanta,,,,Milan,,Stadio Atleti Azzurri d'Italia,,Head-to-Head,
38,Sun,2021-05-23,,Bologna,,,,Juventus,,Stadio Renato Dall'Ara,,Head-to-Head,
38,Sun,2021-05-23,,Spezia,,,,Roma,,Stadio Dino Manuzzi,,Head-to-Head,